	ID SoloTodo	Categoría	ID Categoría	Subcategoría	Ordenamiento Principal	Ordenamiento Categoría	Modelo	Título personalizado	Descripción personalizada	Ficha personalizada 1	Ficha personalizada 2	Ficha personalizada 3	Foto Principal	Fotos Secundarias	URL LG	MPN Flixmedia
CJ45	36116	Audio	25	Minicomponente		2	CJ45	XBOOM 720W					https://drive.google.com/open?id=1MxRM8DAjMejL8eMfts2yipyOoIvcReds	https://drive.google.com/open?id=1WiHEUgAuFQLj6fcxK56erDBDJR_TcUb9	https://www.lg.com/cl/equipos-de-musica/lg-CJ45	CJ45
CJ87	36115	Audio	25	Minicomponente			CJ87	XBOOM 2350W	2350W de potencia,efectos de luces y sonidos,graba samplers y reproducelos en tus canciones, múltiples efectos DJ, comparte tus mezclas, Karaoke con efectos de voz				https://drive.google.com/open?id=1yUq0TUxnleSO7xb8kn1pyv-T7pyoqSid	https://drive.google.com/open?id=1QuTIhRPyqH4V7tgihJ9tbunZkvNqwKjV	https://www.lg.com/cl/equipos-de-musica/lg-CJ87	CJ87
CJ88	36117	Audio	25	Minicomponente			CJ88	XBOOM 2900W	2900W de potencia, 3 dispositivos de Bluettoth conectados al mismo tiempo,múltiples funciones de DJ, Karaoke, sincronizalo con tu TV LG mediante Bluetooth				https://drive.google.com/open?id=1g9sPIx-wzur1vRXjEHKDv4Qx9iWws8X2	https://drive.google.com/open?id=1a-dKIGdvN7d7fmyptr55vVD7XjoolwEq	https://www.lg.com/cl/equipos-de-musica/lg-CJ88	CJ88
CJ98	36118	Audio	25	Minicomponente			CJ98	XBOOM 3500W					https://drive.google.com/open?id=1MVgC1wgJUk-suv0r3gXFHZAVbwpRmHxS	https://drive.google.com/open?id=1TLRMsY-KKvzwrfDLgdU7S2IjNRImsurH	https://www.lg.com/cl/equipos-de-musica/lg-CJ98	CJ98
CK43	47681	Audio	25	Minicomponente			CK43	Minicomponente 300W					https://drive.google.com/open?id=1YR0wxjoA6PFokWUWa_Ccx_j5XAsvt8ZX	https://drive.google.com/open?id=1AM2Qc-g6UT1YHPWv3wwBQ_lLTwEQqYvo	https://www.lg.com/cl/equipos-de-musica/lg-CK43	CK43
CK99	46490	Audio	25	Minicomponente			CK99	XBOOM 5000W					https://drive.google.com/open?id=1DIZoGbpvi1kkmt7OZO5qiFq9jaWuLgnC	https://drive.google.com/open?id=1h4BbRC9g5eXWFyHdq-XaMMBFJwII_jtJ	https://www.lg.com/cl/equipos-de-musica/lg-CK99	CK99
CM1560	42843	Audio	25	Microcomponente			CM1560	Minicomponente 10W	Bluetooth, 10W de potencia, entrada USB, reproductor de CD				https://drive.google.com/open?id=1vgGz_uHybPSYlgxC_Ap6jwkqsF3tRDzK		https://www.lg.com/cl/equipos-de-musica/lg-CM1560	CM1560
CM2460	42844	Audio	25	Microcomponente			CM2460	Minicomponente 100W	100W de potencia, conexión Bluetooth y puerto USB, sincronización inalámbrica con tu TV LG				https://drive.google.com/open?id=1GwnZdSdagnMzK4Ld_CT_aN3_a8dt8BEk		https://www.lg.com/cl/equipos-de-musica/lg-CM2460	CM2460
CM4350	19653	Audio	25	Minicomponente			CM4350	Minicomponente 260W					https://drive.google.com/open?id=1mTHssYZ0wmgruCVzTczODaprJpKZQOhu	https://drive.google.com/open?id=1--wUfAS7yEIVUfQsezO0RbO9L45NrS1s	https://www.lg.com/cl/equipos-de-musica/lg-CM4350	CM4350
CM9960	25904	Audio	25	Minicomponente			CM9960	Minicomponente 4800W					https://drive.google.com/open?id=1iOosZeOCv8kHLwxEl7QLWJKHCyAZTMBo	https://drive.google.com/open?id=1TAf2PmXfKr1iDMcmMLHmYosm2MsSPMlY	https://www.lg.com/cl/equipos-de-musica/lg-CM9960	CM9960
FH2	36830	Audio	25	Parlante portátil			FH2	XBOOM 50W					https://drive.google.com/open?id=1HFyZkGNUJwUHLzJdIeDXZCLbcGZvXEsf	https://drive.google.com/open?id=1NjLXmiJ9ohTsfuryRlj82wC08ZAcregS	https://www.lg.com/cl/equipos-de-musica/lg-FH2	FH2
FJ7	41125	Audio	25	Minicomponente			FJ7	Minicomponente 400W	400W de potencia, Auto DJ, Karaoke con efectos de voz, hasta 3 dispositivos conectados simultáneamente por Bluetooth				https://drive.google.com/open?id=1NKHfIdUMgo2s5Hh5i9E4IYfxIrvQayK4	https://drive.google.com/open?id=1WUPD_iT4j5sKLbSDrEGWqFSuE34hxM5u		FJ7
SK8	46690	Audio	25	Soundbar			SK8	SoundBar 360W					https://drive.google.com/open?id=1q6a_dXgGaP1JlFELOk4l2Dv5cf4veOOu	https://drive.google.com/open?id=1hcNDliEpshOja0Tai9BanahjDMLRIW-1	https://www.lg.com/cl/audio-hi-fi/lg-SK8	SK8
LHB625M	21324	Audio	25	Home theater			LHB625M	Home Theater 1000W							https://www.lg.com/cl/home-theater/lg-LHB625M	LHB625M
OJ98	36119	Audio	25	Minicomponente			OJ98	Minicomponente One Body Portátil 1800W	1800W de potencia, efecto de luces y sonido, múltiples funciones de DJ, Karaoke con efectos de voces, hasta 3 dispositivos conectados simultáneamente por Bluetooth				https://drive.google.com/open?id=1hW7rF_TlqBCWAp0sX42tB-YGzmLuGPE7	https://drive.google.com/open?id=1c3paihvkl3tGFBCAHOpHMS_kQVkx2-fp	https://www.lg.com/cl/equipos-de-musica/lg-OJ98	OJ98
OK55	45942	Audio	25	Minicomponente		1	OK55	XBOOM 500W					https://drive.google.com/open?id=1jowIEU-MlZzkyQDuGTtrrMrdGQ36fp1G	https://drive.google.com/open?id=1jZy-7dPCIJUArL5zV29hS7c4C2iJCHAO	https://www.lg.com/cl/equipos-de-musica/lg-OK55	OK55
OK75	45944	Audio	25	Minicomponente		3	OK75	Minicomponente 1000W					https://drive.google.com/open?id=1mG2mF7vkpqNrpEtjyu2fwpYKa_2whf6D	https://drive.google.com/open?id=1jztbxByGBtBQmxiuPfvgDcPrIuKsSGum	https://www.lg.com/cl/equipos-de-musica/lg-OK75	OK75
OK99	45946	Audio	25	Minicomponente	8		OK99	XBOOM 1800W					https://drive.google.com/open?id=1YCc64wxB0HDddkA1DdNcaVHTMBygQZSc	https://drive.google.com/open?id=1W_n_C-yKJ95s38N-MM2CRjKaf-XkKIes	https://www.lg.com/cl/equipos-de-musica/lg-OK99	OK99
OM4560	25747	Audio	25	Minicomponente			OM4560	Mini Audio 220W	220W de potencia, Auto DJ, sincronizalo con tu TV LG mediante Bluetooth, Karaoke				https://drive.google.com/open?id=1ofROlAJXVvWdYi0NJ53AiZ-UPcF6mEiO	https://drive.google.com/open?id=18hphxIOcmBnqe2Dry0udwxsHJQfAXYDs	https://www.lg.com/cl/equipos-de-musica/lg-OM4560	OM4560
OM5560	26015	Audio	25	Minicomponente			OM5560	XBOOM 500W					https://drive.google.com/open?id=1kfZphdfFdKQ-i-Cgriim0y3fmDCbG038	https://drive.google.com/open?id=10F9WcT6mG0DQV2gcaSgqAlPByq3Bj2zg	https://www.lg.com/cl/equipos-de-musica/lg-OM5560	OM5560
OM7560	25905	Audio	25	Minicomponente			OM7560	Minicomponente One Body 1000W	Fiesta sin cables, 1000W de potencia, hasta 3 dispositivos conectados simultáneamente por Bluetooth, Auto Music Play				https://drive.google.com/open?id=1RPmJDPLvv7ts9KfCQOquitHl_4MaZprP	https://drive.google.com/open?id=1gFaZUeaTBSI8Mw1tkVVscAxnSQPtX-Bd	https://www.lg.com/cl/equipos-de-musica/lg-OM7560	OM7560
PK3	48266	Audio	25	Parlante portátil			XBOOM GO PK3	Parlante Bluetooth Portátil		Sonido de alta definición	IPX7 resistente al agua (sumergible)	Batería de larga duración 12 hrs	https://drive.google.com/open?id=1tNNkdHI1NdAdI8IcFAca_YfTpn9_cslK	https://drive.google.com/open?id=1lt6MYuY5p3B-pMSbWPZWKtnis0dwTKp8	https://www.lg.com/cl/audio-hi-fi/lg-PK3	PK3
PK5	48003	Audio	25	Parlante portátil			XBOOM GO PK5	Parlante Bluetooth Portátil		Sonido de alta definición	IPX5 Salpicaduras de agua y polvo	Batería de larga duración 18 hrs	https://drive.google.com/open?id=1zFvNOcdBpIw8EaNnNBFoMFK5cj5Bna-t	https://drive.google.com/open?id=1qCj_5UY_DKVhRHOMlOgZds861f6YPDC-	https://www.lg.com/cl/audio-hi-fi/lg-PK5	PK5
PK7	48267	Audio	25	Parlante portátil			XBOOM GO PK7	Parlante Bluetooth Portátil		Sonido de alta definición	IPX5 Salpicaduras de agua y polvo	Batería de larga duración 22 hrs	https://drive.google.com/open?id=15idDA1RjiBYtfkQuP3Vi8dM5TLouFaat	https://drive.google.com/open?id=1-lknhyc_f5IPmcC-i4Hyc6DqHJB05Yw5	https://www.lg.com/cl/audio-hi-fi/lg-PK7	PK7
SJ1	40380	Audio	25	Soundbar			SJ1	SoundBar HI-FI 40W	Diseño delgado y minimalista, radiador pasivo dual, contrólalo con tu control remoto LG				https://drive.google.com/open?id=1kDy8fOQdZ-zNV3hDkMaXtkKci4O5-Q1X	https://drive.google.com/open?id=1VpL4B8JIphGL4qx0Q2PaoHmimjSu9_oS	https://www.lg.com/cl/audio-hi-fi/lg-SJ1	SJ1
SJ2	39255	Audio	25	Soundbar			SJ2	SoundBar HI-FI 160W	Subwoofer inalámbrico, contrólalo con tu control remoto LG				https://drive.google.com/open?id=1QVKoYNRDuuKzGHgWvUzgpB5WoRtplEaa	https://drive.google.com/open?id=1pMvZZYPSIeIrgquMz8qMuchfjQEYO9Z_	https://www.lg.com/cl/audio-hi-fi/lg-SJ2	SJ2
SK1	48004	Audio	25	Soundbar			SK1	SoundBar 40W					https://drive.google.com/open?id=1RWXyD9LWzK48NfvBpiXdJor1LD8A93D8	https://drive.google.com/open?id=1kRK7LvoDK39ndWIl1yOq6pk2UUs6uwTu	https://www.lg.com/cl/audio-hi-fi/lg-SK1	SK1
SK5	47017	Audio	25	Soundbar			SK5	SoundBar 360W					https://drive.google.com/open?id=1TEt_4j0Gg7RXq73jyELcKfJxmulCm5su	https://drive.google.com/open?id=1b5h1lmlnyF1_KVdd0QR3gpnw1Rw1eYcl	https://www.lg.com/cl/audio-hi-fi/lg-SK5	SK5
PH4	37302	Audio	25	Parlante portátil			PH4	Proyector portátil de tiro corto 					https://drive.google.com/open?id=15QOLrVgUk0l1s0yOmohSP5S60nkyC9IT	https://drive.google.com/open?id=0B8k1gHzTJbejTWtUMXZDNFFEbTQ	http://www.lg.com/cl/audio-hi-fi/lg-PH4	PH4
CK57	45941	Audio	25	Minicomponente											https://www.lg.com/cl/equipos-de-musica/lg-CK57	
G7 (Black)	48268	Celulares	6	Smartphone		1	G7 BLACK	Smartphone FullVision 6,1" QHD					https://drive.google.com/open?id=1gBE1XD25vhfA-IzHRM-ar74npCBoziJD	https://drive.google.com/open?id=1jraVMeQPAtJ9xm0FW-_1mMVaoVRliNjO	https://www.lg.com/cl/celular/lg-LMG710EM	
G7 (Platinum)	48269	Celulares	6	Smartphone		2	G7 PLATINUM	Smartphone FullVision 6,1" QHD					https://drive.google.com/open?id=1Eu2r3SZUpc8qeXLuiJBlUk05NDp9Ntrd	https://drive.google.com/open?id=19O1lHdEc2nH2-fR0fayooQ0igsDfepVS	https://www.lg.com/cl/celular/lg-LMG710EM	
G7 (Rose)	48270	Celulares	6	Smartphone		3	G7 ROSE	Smartphone FullVision 6,1" QHD					https://drive.google.com/open?id=16sdUo7M78CqYJWA1RM-7dHRWF69zmn6F	https://drive.google.com/open?id=1KXNowMFvJFcY4vDZxqAIZB_5kn-de7-r	https://www.lg.com/cl/celular/lg-LMG710EM	
Q7 (Aurora Black / Prime)	48274	Celulares	6	Smartphone		4	Q7 AURORA BLACK	Smartphone FullVision 5,5'' Full HD					https://drive.google.com/open?id=1QA5OoBVF9_32dgWfWIEzHwXxOLTPkrmH	https://drive.google.com/open?id=1_Pryd2ZH2e6NpccSb_ih8g5sRWP0YIvb	https://www.lg.com/cl/celular/lg-LMQ610FM	
Q7 (Lavender Violet / Prime)	48275	Celulares	6	Smartphone		5	Q7 LAVENDER VIOLET	Smartphone FullVision 5,5'' Full HD					https://drive.google.com/open?id=163Piu1c24umTO2jDjFZlS9tyPMrC91jX	https://drive.google.com/open?id=1NOQbXXAvoi-h5Os_MZfpgJszforqrtej	https://www.lg.com/cl/celular/lg-LMQ610FM	
Q7 Plus (Q610FA / Aurora Black)	48272	Celulares	6	Smartphone		6	Q7+ AURORA BLACK	Smartphone FullVision 5,5'' Full HD					https://drive.google.com/open?id=1Ev-aCGteWoNcx0cp13nhMjq0KZueL7pN	https://drive.google.com/open?id=1MfGg-Hf4Qu6E9KcZKcNCu5KoKm28LGrd	https://www.lg.com/cl/celular/lg-LMQ610FA	
Q Stylus (Aurora Black / Prime)	48277	Celulares	6	Smartphone	3	6	Q STYLUS AURORA BLACK	Smartphone FullVision 6,2'' Full HD					https://drive.google.com/open?id=1iNKo5kJ-2KpkoRx_Xc6rUCbcM28W73Rw	https://drive.google.com/open?id=1RL796iE5ORwSF03bO1tG3tYFxezBxDUq	https://www.lg.com/cl/celular/lg-LMQ710FM	
Q Stylus Plus (Q710FA / Aurora Black)	48276	Celulares	6	Smartphone		7	Q STYLUS PLUS AURORA BLACK	Smartphone FullVision 6,2'' Full HD					https://drive.google.com/open?id=1Dc0vlj6p6-n4xa_m-vs-4miAVAUXsL8i	https://drive.google.com/open?id=1lRjOCxbL3rFVRdT38OBaJMkfNMwFihxA	https://www.lg.com/cl/celular/lg-LMQ710FA	
K11 Plus (X410FC / Terra Gold)	48283	Celulares	6	Smartphone		8	K11 PLUS TERRA GOLD	Smartphone 5,3" HD					https://drive.google.com/open?id=11wNbPRe4F53FdlIQjDD5c_QlVh4akslk	https://drive.google.com/open?id=1paeaORE42UJKAp0nLHydlXgwrOhJBWQ8	https://www.lg.com/cl/celulares/lg-LMX410FC	
K11 Plus (X410FC / Moroccan Blue)	48281	Celulares	6	Smartphone		9	K11 PLUS MORROCAN BLUE	Smartphone 5,3" HD					https://drive.google.com/open?id=1KzMiZUQQ903SzfSyVH0nTKmQNgGZxcDD	https://drive.google.com/open?id=1pq8dcSi-0geDl-tveesX8OuTy1f_6MDy	https://www.lg.com/cl/celulares/lg-LMX410FC	
K11 (X410FO / Moroccan Blue)	48285	Celulares	6	Smartphone		10	K11 MORROCAN BLUE	Smartphone 5,3" HD					https://drive.google.com/open?id=1028501uWNdlXrxlVlQQEEQNvYWYld0Vb	https://drive.google.com/open?id=1QSrBDIEhHg1Vkozk9XrSXaB31giQERjs	https://www.lg.com/cl/celular/lg-LMX410FO	
K11 (X410FO / Terra Gold)	48286	Celulares	6	Smartphone	4		K11 TERRA GOLD	Smartphone 5,3'' HD					https://drive.google.com/open?id=11Ezb45ovrx1bcSrWTKL7JXsaaWM0MGQm	https://drive.google.com/open?id=1KyHioc2JGkS7CS0CWQhpo6xLrugbBHwy	https://www.lg.com/cl/celular/lg-LMX410FO	
K9 (X210HM / Moroccan Blue)	48279	Celulares	6	Smartphone		11	K9 MOROCCAN BLUE	Smartphone 5,0" HD					https://drive.google.com/open?id=1LqaWxE_uzTBVuDO2VwiLQDsGGhZcvpse	https://drive.google.com/open?id=1xvqvRpEHyjLZ4UMh4jebJm6VTnDc5bdh	https://www.lg.com/cl/celulares/lg-LMX210HM	
K9 (X210HM / Aurora Black)	48278	Celulares	6	Smartphone		12	K9 AURORA BLACK	Smartphone 5,0" HD					https://drive.google.com/open?id=1riw7WVlKmdTpmo3LspiTbSrgXcpiK4Jb	https://drive.google.com/open?id=1T0MzOCKR9uvB8yMNKnnLZKdmXaG_BPDd	https://www.lg.com/cl/celulares/lg-LMX210HM	
G6 (32 GB / Astro Black)	34348	Celulares	6	Smartphone			G6 ASTRO BLACK	Smartphone FullVision 5,7" QHD					https://drive.google.com/open?id=1iNQ8Ba0QsMyBWpWIuNTrCSDiiPte8ng0	https://drive.google.com/open?id=1kbRHTHg7CDapQ3kI3JFaANYwZMiGJeKz	https://www.lg.com/cl/celulares/lg-G6-Blanco	
G6 (32 GB / Ice Platinum)	34344	Celulares	6	Smartphone			G6 ICE PLATINUM	Smartphone FullVision 5,7" QHD					https://drive.google.com/open?id=17JNwrOYymgI1C5GmZLxpalrhTnkrSHzr	https://drive.google.com/open?id=1RkYQMRFYyRlBkunXnxw8MN22_OPLp8In	https://www.lg.com/cl/celulares/lg-G6-Blanco	
G6 (32 GB / Mystic White)	34345	Celulares	6	Smartphone			G6 ICE MYSTIC WHITE	Smartphone FullVision 5,7" QHD					https://drive.google.com/open?id=18zfWZD6H4gn2rYEv5x7Q9EkbiZmMk6jk	https://drive.google.com/open?id=1fmt0TmwGxqn-uf-Eg86gJhfJcZ7dO-6n	https://www.lg.com/cl/celulares/lg-G6-Blanco	
K10 2017 (Dorado)	34349	Celulares	6	Smartphone			K10 GOLD	Smartphone 5,3" HD					https://drive.google.com/open?id=1xOoxWQvefoZem9l8wfZ9n8K77QhQHyf4	https://drive.google.com/open?id=1KMKtdVEthIbi4_QACWxE2p1n-Ahli8RH	https://www.lg.com/cl/celulares/lg-K10-2017-black	
K10 2017 (Negro)	35995	Celulares	6	Smartphone			K10 BLACK	Smartphone 5,3" HD	Cámara para selfies con gran angular de 5 MP. Cámara principal de 13 MP. Productividad mejorada. Captura automática con detección de rostros. Diseño elemental curvo.				https://drive.google.com/open?id=1n-gUKWCBrUXU85Ht_g9ob0kI0CDHEcd3	https://drive.google.com/open?id=15yVWCIyMZmQYECRmv2XUzBT9yG3eqWms	https://www.lg.com/cl/celulares/lg-K10-2017-black	
K10 2017 (Plateado)	37453	Celulares	6	Smartphone			K10 2017 SILVER	Smartphone 5,3'' HD							https://www.lg.com/cl/celulares/lg-K10-2017	
K4 2017 (X230F / Marrón)	36900	Celulares	6	Smartphone			K4 BROWN	Smartphone 5,0" 					https://drive.google.com/open?id=1mOsJiX8y7HEpLqVNmhRFrsFLw0PBiYDx	https://drive.google.com/open?id=1FBm_jNFs-QW9qxbxFgZCxtCUKF52okD_	https://www.lg.com/cl/celulares/lg-LGX230F	
K4 2017 (X230F / Titan)	36538	Celulares	6	Smartphone			K4 TITAN	Smartphone 5,0" 	Cámara principal de 8 MP. Cámara frontal de 5 MP con disparo gestual. Pantalla 5.0" con tecnología In-cell y diseño compacto. Rendimiento mejorado.				https://drive.google.com/open?id=1slX7hNwB_JPE_Bm7jAMG6jC5wXmhBxE9	https://drive.google.com/open?id=1wiMAkqYWoCuDQj2qddacDB1Zac41ixaJ	https://www.lg.com/cl/celulares/lg-LGX230F	
K8 2017 (LGX240F / Negro)	36336	Celulares	6	Smartphone			K8 TITAN	Smartphone 5,0" HD	LG K8 Smartphone con pantalla 5" con tecnología IPS IN-CELL, con cámara 8MP, cristal curvo y diseño redondeado para un mejor agarre y un frontal de tacto más suave				https://drive.google.com/open?id=1DDkVUpF8Xc5UyV9ULPlr_0qR9kUvQwgf	https://drive.google.com/open?id=1E53SYL43LxpsQMz9Kp3KL10xcDoTRbhn	https://www.lg.com/cl/celulares/lg-LGX240F	
K8 2017 (LGX240F / Dorado)	37062	Celulares	6	Smartphone			K8 Dorado	Smartphone 5'' HD					https://drive.google.com/open?id=1DLGtS-Ijay7RqKOkHjVrJEy97knwrHgd	https://drive.google.com/open?id=1IHI9tnjRKaG8LaXSqBqQZ9o49T_ybwcZ	https://www.lg.com/cl/celulares/lg-LGX240F-gold	
Q6 (M700F / Astro Black)	38967	Celulares	6	Smartphone			Q6 ASTRO BLACK	Smartphone FullVision 5,5" HD					https://drive.google.com/open?id=1ZUZQUHyShlEvyVen4roxzi44P4KSSmIM	https://drive.google.com/open?id=1vzIfufpB6SNYAerqVMAcxLhXI0kYzW4S	https://www.lg.com/cl/celulares/lg-Q6-M700F	
Q6 (M700F / Ice Platinum)	39937	Celulares	6	Smartphone			Q6 ICE PLATINUM	Smartphone FullVision 5,5" HD					https://drive.google.com/open?id=1hhoeyNhobFzUFByHAgp-9UndVAyavezs	https://drive.google.com/open?id=15f4WF0trpphQuVn0mH-g3880WHJiMXHj	https://www.lg.com/cl/celulares/lg-Q6-M700F	
Q6 Alpha (M700DSK / Moroccan Blue)	45368	Celulares	6	Smartphone			Q6 ALPHA	Smartphone FullVision 5,5" HD	Pantalla FullVision HD 5,5" pulgadas con menos bordes. Cámara selfie con gran angular de 100°. Cámara principal de 13MP. Reconocimiento facial.				https://drive.google.com/open?id=1u-Qsx63jYNS8FK6wDBhe1VbBQ9h4hg9Y	https://drive.google.com/open?id=1nls4CMdLeNRLjKoISuZzminKCHmQQ1NF	https://www.lg.com/cl/celulares/lg-Q6-M700F	
Stylus 3 (Dorado)	35674	Celulares	6	Smartphone			STYLUS 3 GOLD	Smartphone 5,7" HD					https://drive.google.com/open?id=1GyHqk0kiKbZe1e6wVJ6BYcGLZhM8-zFw	https://drive.google.com/open?id=1GKgl5IYbfiniIPcPNV3FUgdVzFmimMRI	https://www.lg.com/cl/celulares/lg-LGM400F-gold	
Stylus 3 (Titan)	35673	Celulares	6	Smartphone			STYLUS 3 TITANIUM	Smartphone 5,7" HD	Cámara 13 Mp. Lápiz Stylus con punta ultra fina de 1,8 mm. Memoria interna de 16 GB expandible a 256 GB.				https://drive.google.com/open?id=1BeH1hU9JbY_WbMgxc9Kl4SlLtS0zZoYg	https://drive.google.com/open?id=1bTSNxvz8s7wLNIcy5aoGIjsJITggeYNe	https://www.lg.com/cl/celulares/lg-LGM400F-gold	
X Power 2 (Titan)	37666	Celulares	6	Smartphone			XPOWER2 TITAN	Smartphone 5,5" HD	La batería de 4.500Ah dura todo el fin de semana.				https://drive.google.com/open?id=1TxOAepw-4eeD55HUYG1T8L4sOF3tvPHS	https://drive.google.com/open?id=1UuLohsBDcCm71o4SYme41I9OX4fmLA_o	https://www.lg.com/cl/celulares/lg-LGM320F	
K10 (K430N / Blanco)	24666	Celulares	6	Smartphone			K10 Blanco	Smartphone 5,3'' IPS							https://www.lg.com/cl/celulares/lg-K10-Blanco-lgk430t	
K10 (K430N / Negro)	24665	Celulares	6	Smartphone			K10 Negro	Smartphone 5,3'' IPS					https://drive.google.com/open?id=1eizi-L7m9ISQF9xx0_7Ujb9y3uI_l82I	https://drive.google.com/open?id=1eXLIgJjUboLFdqqh-sslUkGnbcRwPjzm	https://www.lg.com/cl/celulares/lg-K10-lgk430t	
G7 Fit (New Aurora Black)	57939	Celulares	6	Smartphone			G7 Fit Black	Smartphone FullVision 6,1" QHD+					https://drive.google.com/open?id=1Mfc7ifok9Rjrn4GSW7hItxYKg5m7ll0q	https://drive.google.com/open?id=1LEz0beo1Yi6iVv8g3hyKU66aUSy4iYsu	https://www.lg.com/cl/celular/lg-LMQ850EA	LMQ850EA
K40 (LMX420 / 32 GB / 2 GB / Black)	61367	Celulares	6	Smartphone			K40	Smartphone 5,7'' HD							https://www.lg.com/cl/celular/lg-LMX420HM	
G7 ThinQ (G710 / New Aurora Black) + LG PK7	54021	Celulares	6	Smartphone											https://www.lg.com/cl/celular/lg-LMG710EM	
K40 (LMX420HM / 32 GB / 2 GB / New Moroccan Blue)	61408	Celulares	6	Smartphone											https://www.lg.com/cl/celular/lg-LMX420HM	
WD9DBS6	39410	Lavado	19	Lavadora y secadora			WD9DBS6	Lavadora Secadora con capacidad total de 9/5 Kilos	Lavadora – Secadora Carga Frontal con Motor Inverter Direct Drive y capacidad total 9 kilos de lavado y 5 kilos de secado				https://drive.google.com/open?id=1E7ru8lFfbeehsxWr2VZXP0K0KspVYPgm	https://drive.google.com/open?id=1QcxRfI6NjokDbBdzSbMiUJIBs3y75MW4	https://www.lg.com/cl/lavadoras/lg-WD9DBS6	WD9DBS6
WD9WB6	38951	Lavado	19	Lavadora y secadora			WD9WB6	Lavadora Secadora con capacidad total de 9/5 Kilos	Lavadora – Secadora Carga Frontal con Motor Inverter Direct Drive y Capacidad Total de 9 kilos de lavado y 5 kilos de secado				https://drive.google.com/open?id=1BZzChxcD3UvbhbCQb8PzK81Xebh9piNH	https://drive.google.com/open?id=1EWlShPXPsbbt83RIQBCSFCGbpruGlI8r	https://www.lg.com/cl/lavadoras/lg-WD9WB6	WD9WB6
WD20VVS6	37175	Lavado	19	Lavadora y secadora			WD20VVS6	Lavadora Secadora con capacidad total de 20/11 Kilos					https://drive.google.com/open?id=1RS8C38Bm56xlm_Cf6gNIh2lppaz4oUzI	https://drive.google.com/open?id=1an6PZ3SUq_imPWdPTZjNkJRewY1jKfuu	https://www.lg.com/cl/lavadoras/lg-WD20VVS6	WD20VVS6
WD22VTS6	35678	Lavado	19	Lavadora y secadora			WD22VTS6	Lavadora Secadora con capacidad total de 22/13 Kilos					https://drive.google.com/open?id=1ADyidWAdKg6-iZS_peRUs98oF6pjagla	https://drive.google.com/open?id=1hcJvq_mjQSHDQnd3_2W_WG491MJ_mFKG	https://www.lg.com/cl/lavadoras/lg-WD22VTS6	WD22VTS6
WM9WB6	38952	Lavado	19	Lavadora carga frontal			WM9WB6	Lavadora Carga Superior con capacidad total de 9 Kilos					https://drive.google.com/open?id=1curZ-YoHcRzSOEpMVGkFzUMVH19ICZyO	https://drive.google.com/open?id=1YNTOLhBoP7jGnrBOzUZTNDEPCYgmx-xz	https://www.lg.com/cl/lavadoras/lg-WM9WB6	WM9WB6
WT13DSB	39684	Lavado	19	Lavadora carga superior			WT13DSB	Lavadora Carga Superior con capacidad total de 13 Kilos					https://drive.google.com/open?id=1Q_y9bYNk8y-22E6bFPiksiougojLzrJg	https://drive.google.com/open?id=1KNkVtrG7EFlgAYmYoucylViOENth1iDm	https://www.lg.com/cl/lavadoras/lg-WT13DSB	WT13DSB
WT13SS6	36539	Lavado	19	Lavadora carga superior			WT13SS6	Lavadora Carga Superior con capacidad total de 12,5 Kilos					https://drive.google.com/open?id=1BzCdYpMnq9U3ddpnSSK62JaYAq9NfZdA	https://drive.google.com/open?id=1wC3CuKY8rpFjr7ZGXQ04vJnHAeWn8aY5	https://www.lg.com/cl/lavadoras/lg-WT13SS6	WT13SS6
WT13VS6	36540	Lavado	19	Lavadora carga superior			WT13VS6	Lavadora Carga Superior con capacidad total de 12,5 Kilos					https://drive.google.com/open?id=1BrcJJ8FJ_FzaXkc_opghmZCYrnGkCWai	https://drive.google.com/open?id=1t3UfOkhd4L0wDJylAE0O_BdAN4776Y4r	https://www.lg.com/cl/lavadoras/lg-WT13VS6	WT13VS6
WT13WSB	39798	Lavado	19	Lavadora carga superior			WT13WSB	Lavadora Carga Superior con capacidad total de 13 Kilos					https://drive.google.com/open?id=15m6bojAHi8qMc1Un_uCYMfzBjq7KPMSa	https://drive.google.com/open?id=1i1wLFVfG2Huhx5LUkqkAM_NKYw23ibi5	https://www.lg.com/cl/lavadoras/lg-WT13WSB	WT13WSB
WT16DSB	37995	Lavado	19	Lavadora carga superior		1	WT16DSB	Lavadora Carga Superior con capacidad total de 16 Kilos	Lavadora de Carga Superior con motor Smart Inverter y capacidad total de 16 kilos				https://drive.google.com/open?id=1rIeE5pBmZEuygGkwqEhjym5LkmJeKozR	https://drive.google.com/open?id=1ApwrKOn2qzxRZao9bNJEx-BycIw8Quiy	https://www.lg.com/cl/lavadoras/lg-WT16DSB	WT16DSB
WT16WSB	37691	Lavado	19	Lavadora carga superior			WT16WSB	Lavadora Carga Superior con capacidad total de 16 Kilos	Lavadora de Carga Superior con motor Smart Inverter y capacidad total de 16 kilos				https://drive.google.com/open?id=16yU_s0R6WmJqAJrMWnGufxUttxw9YhX8	https://drive.google.com/open?id=1PTzX5QfwGCZGiRtwejKn4Zq6DVu7J77L	https://www.lg.com/cl/lavadoras/lg-WT16WSB	WT16WSB
WT18DSB	37994	Lavado	19	Lavadora carga superior			WT18DSB	Lavadora Carga Superior con capacidad total de 18 Kilos	Lavadora Carga Superior con motor Smart Inverter y capacidad total de 18 Kg				https://drive.google.com/open?id=1yagl3KWYkszm0g4eq9PyvyVFYUlO02fo	https://drive.google.com/open?id=1eai0Yuy5oZupCiP3HqdjKYEEPH-x9bpV	https://www.lg.com/cl/lavadoras/lg-WT18DSB	WT18DSB
WD11DBS6D	45905	Lavado	19	Lavadora y secadora			WD11DBS6D	Lavadora Secadora con capacidad de 11/7 Kilos					https://drive.google.com/open?id=1B4HoC_smgf1HUpcbULaKsK_kAD2nNIz-	https://drive.google.com/open?id=1riEK_bBn6HBGEJ3wxhbmyr35yQnLzA5u	https://www.lg.com/cl/lavadoras/lg-WD11DBS6D-front-load	WD11DBS6D
WD11WBS6D	45904	Lavado	19	Lavadora y secadora	7		WD11WBS6D	Lavadora Secadora con capacidad de 11/7 Kilos					https://drive.google.com/open?id=1q9hWKi0FbhU8NBsHsfDV9ST5Jq7uoEjg	https://drive.google.com/open?id=1hIbl6saSAS4fCOpdJb5DvA4m69W6rRqN	https://www.lg.com/cl/lavadoras/lg-WD11WBS6D-front-load	WD11WBS6D
WD15DGS6	45805	Lavado	19	Lavadora y secadora			WD15DGS6	Lavadora Secadora con capacidad de 15/8 Kilos					https://drive.google.com/open?id=115tuVvzGYi5vphO4nOmcQi0-A2kWyMIg	https://drive.google.com/open?id=1jPqscy-dURnf3C1qE6ehLyR-pgNNG_FX	https://www.lg.com/cl/lavadoras/lg-WD15DGS6	WD15DGS6
WT9WSBP	42871	Lavado	19	Lavadora carga superior			WT9WSBP	Lavadora Carga Superior con capacidad total de 9 Kilos							https://www.lg.com/cl/lavadoras/lg-WT9WSBP	WT9WSBP
WT13WSBP	43494	Lavado	19	Lavadora carga superior			WT13WSBP	Lavadora Carga Superior con capacidad total de 13 Kilos					https://drive.google.com/open?id=1WLIGdPmNTA5jv1vJ_ld849lWV9JS3Bd5	https://drive.google.com/open?id=1tP16ZomFeKz0o7vgDUS5jXIWikYZhvmZ	https://www.lg.com/cl/lavadoras/lg-WT13WSBP	WT13WSBP
WT16DSBP	46743	Lavado	19	Lavadora carga superior			WT16DSBP	Lavadora Carga Superior con capacidad total de 16 Kilos					https://drive.google.com/open?id=1rIeE5pBmZEuygGkwqEhjym5LkmJeKozR	https://drive.google.com/open?id=1ApwrKOn2qzxRZao9bNJEx-BycIw8Quiy	https://www.lg.com/cl/lavadoras/lg-WT16DSBP	WT16DSBP
WT17BS6	42545	Lavado	19	Lavadora carga superior			WT17BS6	Lavadora Carga Superior con capacidad total de 17 Kilos	Lavadora de Carga Superior con Motor Inverter Direct Drive y Capacidad Total de 17 Kg				https://drive.google.com/open?id=1upi3qHHIIGVXc0hXu-FU8JS82J5_pXjY	https://drive.google.com/open?id=1Z5p8keaI-dtWJL7jRzHdcc5wWRc9SNlq	https://www.lg.com/cl/lavadoras/lg-WT17BS6	WT17BS6
WT18VSB	45804	Lavado	19	Lavadora carga superior			WT18VSB	Lavadora Carga Superior con capacidad total de 19 Kilos							https://www.lg.com/cl/lavadoras/lg-WT18VSB	WT18VSB
WT19BS6	42546	Lavado	19	Lavadora carga superior			WT19BS6	Lavadora Carga Superior con capacidad total de 19 Kilos					https://drive.google.com/open?id=13qpWgFzXWG__zdRAiX1TvBr36W-KeaeG	https://drive.google.com/open?id=1lMGu67YHLNBZVwM9epwuAAHkIwa_fiae	https://www.lg.com/cl/lavadoras/lg-WT19BS6	WT19BS6
WT22BSS6	42678	Lavado	19	Lavadora carga superior			WT22BSS6	Lavadora Carga Superior con capacidad total de 22 Kilos					https://drive.google.com/open?id=1gcVracX_WqInul_esUH98t4G5iV0Yl5v	https://drive.google.com/open?id=130nh0cR9F1cQuJ0CWDsUinXebih4Ij_F	https://www.lg.com/cl/lavadoras/lg-WT22BSS6	WT22BSS6
WD22VVS6	40481	Lavado	19	Lavadora y secadora			WD22VVS6	Lavadora Secadora con capacidad de 22/11 Kilos					https://drive.google.com/open?id=1U2z0Hc6kRfxCAelkFH-XIk26O1a0lQHb	https://drive.google.com/open?id=1s26uIRHEl6mhsXmiRj6RzkpK-cNi2tvZ	https://www.lg.com/cl/lavadoras/lg-WD22VVS6	WD22VVS6
WD100CV	25891	Lavado	19	Lavadora TwinWash Mini			WD100CV	Lavadora Twin Wash Mini con capacidad de 3,5 Kilos					https://drive.google.com/open?id=17Zfv6pjwp_WYmgFVsFWIixB60ADbiBGL	https://drive.google.com/open?id=1wrH5yW-F3AtkiOa9PdXxD0Tn90mQr07X	https://www.lg.com/cl/lavadoras/lg-WD100CV	WD100CV
WD11DBS6DTW	47541	Lavado	19	Lavadora TwinWash			WD11DBS6DTW	Lavadora Twin Wash 11/7K + Mini Lavadora 2K					https://drive.google.com/open?id=1b7nVwLP5PaLDq6_TwlnPKs-w1XrnXPjF		https://www.lg.com/cl/lavadoras/lg-WD11DBS6DTW-twinwash	WD11DBS6DTW
WD2100VM	47016	Lavado	19	Lavadora TwinWash Mini			WD2100VM	Lavadora Twin Wash Mini con capacidad de 2 Kilos					https://drive.google.com/open?id=1OaSrGS09YuP9-5WLTf80bJxY2d4XKC9I	https://drive.google.com/open?id=16tt8oOH4MN9dPm2_Ckb-AOyCVNQqVil0	https://www.lg.com/cl/lavadoras/lg-WD2100VM	WD2100VM
WD2100CW	40148	Lavado	19	Lavadora TwinWash Mini			WD2100CW	Lavadora Twin Wash Mini con capacidad de 2 Kilos					https://drive.google.com/open?id=1ch3XOnTWpQ7NGEtkDzUEyGNo-IjySqbV	https://drive.google.com/open?id=1hJFKaoM0c7kaz9VQZMkjN2QDzjj-hv4O	https://www.lg.com/cl/lavadoras/lg-WD2100CW	WD2100CW
DF9WPN	36822	Lavado	19	Secadora			DF9WPN	Secadora con capacidad de 9 Kilos							https://www.lg.com/cl/secadora-de-ropa/lg-DF9WPN	DF9WPN
F1103RDP	24340	Lavado	19	Lavadora y secadora			F1103RDP	Lavadora Secadora con capacidad de 11/7 Kilos							https://www.lg.com/cl/lavadoras/lg-F1103RDP-lavadora-secadora	F1103RDP
WD22VVS6TW + Microondas LG	52194	Lavado	19	Lavadora TwinWash			WD22VVS6TW + Microondas	Lavadora Twin Wash 22/11K + Mini Lavadora de 3,5K + Microondas Neochef					https://drive.google.com/open?id=1WTGEmqrV3w_B6z0_5uxZrQ1BspxbLt3v		https://www.lg.com/cl/lavadoras/lg-WD22VVS6TW	WD22VVS6TW
WD11WDS6	40147	Lavado	19	Lavadora y secadora			WD11WDS6	Lavadora Secadora con capacidad de 11/7 Kilos							https://www.lg.com/cl/lavadoras/lg-WD11WDS6	WD11WDS6
WD11WBS6DTW	47838	Lavado	19	Lavadora TwinWash			WD11WBS6DTW	Lavadora TwinWash 11/7K + Mini Lavadora 2K					https://drive.google.com/open?id=1aR_KmABlROK9_G1G4kTvcx7DGABaR9gH		https://www.lg.com/cl/lavadoras/lg-WD11WBS6DTW-twinwash	WD11WBS6DTW
WD11WDS6TW	41627	Lavado	19	Lavadora TwinWash			WD11WDS6TW	Lavadora TwinWash 11/7K + Mini Lavadora 2K	LG TWINWash™ Lavadora (11Kg) Secadora (7Kg) con Motor Inverter Direct Drive y Mini Lavadora (2Kg) con Motor Slim Inverter Direct Drive				https://drive.google.com/open?id=1F4TAEFpVFnuGE16a3IPnhIRYKGvJ8jT2	https://drive.google.com/open?id=12ZKYSf3kVDd34_xakPo1-5vJ3LDnPEDd	https://www.lg.com/cl/lavadoras/lg-WD11WDS6TW	WD11WDS6TW
WD20VVS6TW	41629	Lavado	19	Lavadora TwinWash			WD20VVS6TW	Lavadora TwinWash 20/11K + Mini Lavadora 3,5K	LG TWINWash™ Lavadora (20Kg) Secadora (11Kg) con motor Inverter Direct Drive y Mini lavadora (3,5Kg) motor Slim Inverter Direct Drive				https://drive.google.com/open?id=1WRuWBQwz10-DovSWXDJ689zF0rwlF_qR	https://drive.google.com/open?id=1TliM2_tmfN-bnIlEIdeU34C0qjfe6FS6	https://www.lg.com/cl/lavadoras/lg-WD20VVS6TW	WD20VVS6TW
WD22VTS6TW	41628	Lavado	19	Lavadora TwinWash			WD22VTS6TW + Microondas LG	Lavadora TwinWash 22/11K + Mini Lavadora 3,5K	LG TWINWash™ Lavadora (22Kg) Secadora (13Kg) con motor Inverter Direct Drive y Mini lavadora (3,5Kg) motor Slim Inverter Direct Drive				https://drive.google.com/open?id=1kzDFpApU2V1fjrCQOcB4ClxXpHAfqSvd	https://drive.google.com/open?id=1b45dRmiicOuAcvDWKFb6w39VpXK2P3VT	https://www.lg.com/cl/lavadoras/lg-WD22VTS6TW-twinwash	WD22VTS6TW
WD22VVS6TW	53172	Lavado	19	Lavadora TwinWash			WD22VVS6TW	Lavadora Twin Wash 22/11K + Mini Lavadora de 3,5K					https://drive.google.com/open?id=1_X0NGZN7po3OIIG7wHHvfBUqGIlWgbIS		https://www.lg.com/cl/lavadoras/lg-WD22VVS6TW	WD22VVS6TW
WM11WBS6	52215	Lavado	19	Lavadora carga frontal			WM11WBS6	Lavadora Carga Frontal de 11 Kilos							https://www.lg.com/cl/lavadoras/lg-WM11WBS6	WM11WBS6
WT9WSB	39741	Lavado	19	Lavadora carga superior			WT9WSB	Lavadora Carga Superior de 9 Kilos							https://www.lg.com/cl/lavadoras/lg-WT9WSB	WT9WSB
WD20VVS6TW + Microondas LG	53212	Lavado	19	Lavadora TwinWash			WD20VVS6TW + Microondas LG	Lavadora Twin Wash 23,5/11K + Microondas Neochef					https://drive.google.com/open?id=1jqHHpYXFhhMBdeGF9bkNx-nafieZIZ4K	https://drive.google.com/open?id=12D3uZRv_A09suSKIJ7Y1z5Uagm-DSwNa	https://www.lg.com/cl/lavadoras/lg-WD20VVS6TW	WD20VVS6TW
WD22VTS6TW + Microondas LG	53211	Lavado	19	Lavadora TwinWash			WD22VTS6TW + Microondas LG	Lavadora Twin Wash 25,5/11K + Microondas Neochef					https://drive.google.com/open?id=1wJpVoS9WvCxVWaz5YZlnme34xi2iegVo	https://drive.google.com/open?id=1b45dRmiicOuAcvDWKFb6w39VpXK2P3VT	https://www.lg.com/cl/lavadoras/lg-WD22VTS6TW-twinwash	WD22VTS6TW
WT13VS6H		Lavado	19	Lavadora carga superior			WT13VS6H								https://www.lg.com/cl/lavadoras/lg-WT13VS6H	WT13VS6H
WT17BS6H		Lavado	19	Lavadora carga superior			WT17BS6H								https://www.lg.com/cl/lavadoras/lg-WT17BS6H	WT17BS6H
WT19BS6H		Lavado	19	Lavadora carga superior			WT19BS6H								https://www.lg.com/cl/lavadoras/lg-WT19BS6H	WT19BS6H
WT22BSS6H		Lavado	19	Lavadora carga superior			WT22BSS6H								https://www.lg.com/cl/lavadoras/lg-WT22BSS6H	WT22BSS6H
WD9WE6	61240	Lavado	19	Lavadora y secadora											https://www.lg.com/cl/lavadoras/lg-WD9WE6	
WT13DSBP	53693	Lavado	19	Lavadora carga superior											https://www.lg.com/cl/lavadoras/lg-WT13DSBP	
WT13WPB	39882	Lavado	19	Lavadora carga superior											https://www.lg.com/cl/lavadoras/lg-WT13WPB	
WT17DSB	45803	Lavado	19	Lavadora carga superior											https://www.lg.com/cl/lavadoras/lg-WT17DSB	
WT13VSS6	35677	Lavado 	19	Lavadora carga superior			WT13VSS6	Lavadora Carga Superior de 12,5 Kilos					https://drive.google.com/open?id=1B5wh3DPSLv8dSY8kayo26uFJiVsP4hA0	https://drive.google.com/open?id=1q3FW5T7WxN1htU0x5ANlBZpYAhRgTK49	https://www.lg.com/cl/lavadoras/lg-WT13VSS6	WT13VSS6
MH6596DIR	40738	Microondas	17	Microondas			MH6596DIR	Horno Microondas con Grill 25 Litros					https://drive.google.com/open?id=1SI8buQ80r1P5sk6wcIrXJXkgxGcXhoSi	https://drive.google.com/open?id=1YD56pVLeFhNKxXpcBk1OviLA_bd1w7QL	https://www.lg.com/cl/microondas/lg-MH6596DIR-2	MH6596DIR
22MD4KA-B	45756	Monitores	4	Profesional			22MD4KA	Monitor IPS 21,5"					https://drive.google.com/open?id=1UDaf9aAoRn49Q5aPeCeNhd8cx5A_Ko2T	https://drive.google.com/open?id=1RhrME_Uem0_VeOJXlHGfSAvtvVljGmie	https://www.lg.com/cl/monitores/lg-22MD4KA-B	22MD4KA-B
24GM79G-B	37125	Monitores	4	Gamer			24GM79G	Monitor Gamer 24"					https://drive.google.com/open?id=1HY-X67Px3qixSAnJbBH2EkSysvsslcLG	https://drive.google.com/open?id=1n7GUAbNifs3w8DGj2UhKIXjNDVyPC-Mj	https://www.lg.com/cl/monitores/lg-24GM79G-B	24GM79G-B
24UD58-B	31089	Monitores	4	Gamer			24UD58	Monitor IPS 24" UHD					https://drive.google.com/open?id=1BJvDGFOEonwr6UvsKk5WsxD4mNXybe9p	https://drive.google.com/open?id=1IK52nJJh6TwmFtGArReKwgFHKeiRbElb	https://www.lg.com/cl/monitores/lg-24UD58-B	24UD58-B
25UM58	24319	Monitores	4	Gamer			25UM58	Monitor IPS 25" UltraWide					https://drive.google.com/open?id=0B3xglZSlozLcM3BMN2V6RmhHVzQ	https://drive.google.com/open?id=0B3xglZSlozLcSm9vM19UVUo0Qjg	https://www.lg.com/cl/monitores/lg-25UM58	25UM58
27GK750F-B	46226	Monitores	4	Gamer			27GK750F	Monitor Gamer 27" Premium					https://drive.google.com/open?id=1oFYdvKIXS-t7iDxRaoJgmwCbRIMe1Op2	https://drive.google.com/open?id=1VtxjkZ9yh6k9oT5WqjasZ2JNu0Un2Csa	https://www.lg.com/cl/monitores/lg-27GK750F	27GK750F-B
27UD59-B	40860	Monitores	4	Gamer			27UD59	Monitor UHD 4K 27"					https://drive.google.com/open?id=1tSXSydvLH8gPVa2vwKpQf_FR7VqIFDit	https://drive.google.com/open?id=1Zfh7x_BS_vpe53XUzEtrhmX31l6xOT24	https://www.lg.com/cl/monitores/lg-27UD59-B	27UD59-B
32UD59-B	42842	Monitores	4	Gamer			32UD59	Monitor UHD 4K 32"					https://drive.google.com/open?id=1QbW3sBoHBFUosvWTJL0o-oFL7Fowcnfg	https://drive.google.com/open?id=1uwWNmUwbHXj2iA1hzRBxDdFCPwyKUoin	https://www.lg.com/cl/monitores/lg-32UD59-B	32UD59-B
34UC79G-B	36541	Monitores	4	Gamer			34UC79G	Monitor IPS 34" Full HD					https://drive.google.com/open?id=0B3xglZSlozLcc1MwQWRkMHNoTXM	https://drive.google.com/open?id=0B3xglZSlozLcS3RCMlVOTmJndkk	https://www.lg.com/cl/monitores/lg-34UC79G-B	34UC79G-B
34UM88-P	25886	Monitores	4	UltraWide			34UM88	Monitor LED 34" UltraWide QHD					https://drive.google.com/open?id=1pv2tTFdFQDwDhn68MIpB8i35NZC8m-9S	https://drive.google.com/open?id=1pMBwCzgr9nRdZctNrn-vutCiraPeza6U	https://www.lg.com/cl/monitores/lg-34UM88	34UM88-P
32GK850G-B	45907	Monitores	4	Gamer			32GK850G-B	Monitor 31,5” QHD					https://drive.google.com/open?id=1HxQr3zipinOVpvayJWgqgEw2L1r8lZHc	https://drive.google.com/open?id=1mmyBnvGfKS3ogZUy4ezZ_DWabMbhT2W0	https://www.lg.com/cl/monitores/lg-32GK850G-B	32GK850G-B
29WK600	46523	Monitores	4	UltraWide			29WK600	Monitor FHD 29" UltraWide					https://drive.google.com/open?id=172bTfONlLSGGJLQEZ6hiJn4GhLgNZec8	https://drive.google.com/open?id=1-4cDJD-ynnaV3LtsuRPMigbhQnCRz1zC	https://www.lg.com/cl/monitores/lg-29WK600	29WK600
27MD5KA-B	45906	Monitores	4	Profesional			27MD5KA-B	Monitor IPS 27"					https://drive.google.com/open?id=1M5n26zF0NEVWCIRVbUVCRL06MwOTN6wB	https://drive.google.com/open?id=19FZ3d-8PsCvXeq494rv_LAleTCoaFqbd	https://www.lg.com/cl/monitores/lg-27MD5KA-B	27MD5KA-B
20MK400H-B	43897	Monitores	4	Casa y oficina			20MK400H-B	Monitor 19,5"					https://drive.google.com/open?id=1xQ9RuKXiiRzqF6igNY-YROkXptoQHgMt	https://drive.google.com/open?id=1jSoQBEATz7IQKJSvuPe-YyTr2hdUVR08	https://www.lg.com/cl/monitores/lg-20MK400H-B	20MK400H-B
22MK400H-B	50124	Monitores	4	Casa y oficina			22MK400H-B	Monitor 22"					https://drive.google.com/open?id=1xQ9RuKXiiRzqF6igNY-YROkXptoQHgMt	https://drive.google.com/open?id=1jSoQBEATz7IQKJSvuPe-YyTr2hdUVR08	https://www.lg.com/cl/monitores/lg-22MK400H-B	22MK400H-B
24M38H-B	42293	Monitores	4	Casa y oficina			24M38H-B	Monitor LED 23,5''					https://drive.google.com/open?id=10-t9-RjSaltQgs4d4gZHimetgkA7Ov5a	https://drive.google.com/open?id=1WjVqHcxMHHRK2fJZNrIDOpQzlwtLpZ1f	https://www.lg.com/cl/monitores/lg-24M38H-B	24M38H-B
24MK430H-B	49893	Monitores	4	Casa y oficina			24MK430H-B	Monitor LED 24'' Full HD IPS							https://www.lg.com/cl/monitores/lg-24MK430H-B	24MK430H-B
27MK400H-B	43045	Monitores	4	Casa y oficina			27MK400H-B	Monitor LED 27''					https://drive.google.com/open?id=1xQ9RuKXiiRzqF6igNY-YROkXptoQHgMt	https://drive.google.com/open?id=1jSoQBEATz7IQKJSvuPe-YyTr2hdUVR08	https://www.lg.com/cl/monitores/lg-27MK400H-B	27MK400H-B
32MP58HQ-P	40858	Monitores	4	Casa y oficina			32MP58HQ-P	Monitor IPS 32''							https://www.lg.com/cl/monitores/lg-32MP58HQ-P	32MP58HQ-P
27UL500-W	61973	Monitores	4	Profesional											https://www.lg.com/cl/monitores/lg-27UL500-W	
Ultragear 24GL600F-B	59686	Monitores	4	Gamer											https://www.lg.com/cl/monitores/lg-24GL600F-B	
PF1000UG	34148	Proyectores	31	Proyector			PF1000UG	Proyector LED Full HD					https://drive.google.com/open?id=1P4bTtXItpHdA4Z5oJHJ912cZj08AODr7	https://drive.google.com/open?id=19efDjR-9wY3lvSJy0cQ66tfD97IDeuvD	https://www.lg.com/cl/proyectores/lg-PF1000UG	PF1000UG
PH150G	34147	Proyectores	31	Proyector			PH150G	Proyector LED HD					https://drive.google.com/open?id=1J40HPNvdHTLUzU466Usy51JtRbgXr-e6	https://drive.google.com/open?id=1RK_CWH4AH8GODsYJGbQcXEKKpQepDPsC	https://www.lg.com/cl/proyectores/lg-PH150G	PH150G
PH30JG	42845	Proyectores	31	Proyector			PH30JG	Proyector LED HD							https://www.lg.com/cl/proyectores/lg-PH30JG	PH30JG
PH450UG	34146	Proyectores	31	Proyector			PH450UG	Proyector Portátil					https://drive.google.com/open?id=1jvNA5UoisCQjYugsjLtgfIWmYxIcgMos	https://drive.google.com/open?id=11815X-WJ4RQ-AmLz5a0Rbhd8hvjGcfjq	https://www.lg.com/cl/proyectores/lg-PH450UG	PH450UG
PH550G	24385	Proyectores	31	Proyector			PH550G	Proyecto Mini HD					https://drive.google.com/open?id=1FAEPx_YiMvcgvB0vD1JICO8tF6G0vjEP	https://drive.google.com/open?id=17PiV_JKE56F-Bh118-ypv0kA4e7KuCvL	https://www.lg.com/cl/proyectores/lg-PH550G	PH550G
HF65LG	61906	Proyectores	31	Proyector											https://www.lg.com/cl/proyectores/lg-HF65LG	
HF80JG	51814	Proyectores	31	Proyector											https://www.lg.com/cl/proyectores/lg-HF80JG	
PF50KG	45947	Proyectores	31	Proyector											https://www.lg.com/cl/proyectores/lg-PF50KG	
GB30MPP1	25257	Refrigeradores	15	Bottom freezer			GB30MPP1	Bottom Freezer con capacidad total de 271 L							https://www.lg.com/cl/refrigeradores/lg-GB30MPP1	GB30MPP1
GB44SVP	22112	Refrigeradores	15	Bottom freezer			GB44SVP	Bottom Freezer con capacidad total de 441 L							https://www.lg.com/cl/refrigeradores/lg-GB44SVP	GB44SVP
GS65MPP1	28125	Refrigeradores	15	Side by Side	6		GS65MPP1	Side by Side con capacidad total de 626 L							https://www.lg.com/cl/refrigeradores/lg-GS65MPP1-side-by-side	GS65MPP1
GS65SDP2	29028	Refrigeradores	15	Door-in-Door			GS65SDP2	Door in Door con capacidad total de 601 L							https://www.lg.com/cl/refrigeradores/lg-GS65SDP2-door-in-door	GS65SDP2
GS65SPP1	28037	Refrigeradores	15	Side by Side			GS65SPP1	Door in Door con capacidad total de 601 L							https://www.lg.com/cl/refrigeradores/lg-GS65SPP1	GS65SPP1
GT44MDP	23943	Refrigeradores	15	Door-in-Door			GT44MDP	Door in Door con capacidad total de 441 L							https://www.lg.com/cl/refrigeradores/lg-GT44MDP	GT44MDP
LB33SPP	40945	Refrigeradores	15	Bottom freezer			LB33SPP	Bottom Freezer con capacidad total de 313 L	Refrigerador Bottom Freezer con Motor Inverter Linear Compressor y Capacidad Total de 313 Lts						https://www.lg.com/cl/refrigeradores/lg-LB33SPP	LB33SPP
LB36WVP	40784	Refrigeradores	15	Bottom freezer			LB36WVP	Bottom Freezer con capacidad total de 393 L							https://www.lg.com/cl/refrigeradores/lg-LB36WVP	LB36WVP
GS63MPGK	35953	Refrigeradores	15	Side by Side			GS63MPGK	Side by Side con capacidad total de 613 L					https://drive.google.com/open?id=1NhpayqBWdoelLtNsN4bPHH4cHCwt5Wit	https://drive.google.com/open?id=1Iq5g_-lSzQaBUi8MgdYIJgV2uU1zJprh	https://www.lg.com/cl/refrigeradores/lg-GS63MPGK	GS63MPGK
GM86SDS	25734	Refrigeradores	15	Door-in-Door			GM86SDS	Door in Door con capacidad total de 691 L					https://drive.google.com/open?id=1Up9Yu9JFzAO4ThTbwK1o6dc_8hdY5nii		https://www.lg.com/cl/refrigeradores/lg-GM86SDS	GM86SDS
GS74SXS	39206	Refrigeradores	15	Door-in-Door			GS74SXS	Instaview Door in Door con capacidad total de 691 L	Refrigerador InstaView Door-in-Door® con Motor Inverter Linear Compressor y Capacidad Total de 691Lts.				https://drive.google.com/open?id=1VEDiYwjkpRwmQ8QD3O1Qc49h8FQYskt5	https://drive.google.com/open?id=13Ne06uRHAzjefrODj2T6mFZRF5emrwb_	https://www.lg.com/cl/refrigeradores/lg-GS74SXS	GS74SXS
GT26BPG	51406	Refrigeradores	15	Top freezer			GT26BPG	Top Freezer con capacidad total de 235 L					https://drive.google.com/open?id=18Lu-ED_mUTjlPynsfb_o5JvwnIIkStrs	https://drive.google.com/open?id=1hV1_QXYQsWwnLDpAm44f4lWjXC9RcPbY	https://www.lg.com/cl/refrigeradores/lg-GT26BPG	GT26BPG
LB31MPP	40144	Refrigeradores	15	Bottom freezer		3	LB31MPP	Bottom Freezer con capacidad total de 277 L	Refrigerador Bottom Freezer con Motor Inverter Linear Compressor y Capacidad Total de 277 Lts.				https://drive.google.com/open?id=1FxnG6RZ51jhsuxipj68V4PbG_3ygK8u-	https://drive.google.com/open?id=107Qx08ZnLGaEL00sPNCvuWZR7TMaadQe	https://www.lg.com/cl/refrigeradores/lg-LB31MPP	LB31MPP
LB33BPGK	40174	Refrigeradores	15	Bottom freezer			LB33BPGK	Bottom Freezer con capacidad total de 318 L	Refrigerador Bottom Freezer con Motor Inverter Linear Comprensor con Capacidad Total de 318 Lts				https://drive.google.com/open?id=198-RmxKiPiiz8RuFoOxnjjOVlPLyW5U9	https://drive.google.com/open?id=1vTvx6ZFc2SiN9dcdygo5gGLheMZT3Hrn	https://www.lg.com/cl/refrigeradores/lg-LB33BPGK	LB33BPGK
LB44SVD2	49496	Refrigeradores	15	Bottom freezer			LB44SVD2	Bottom Freezer con capacidad total de 441 L					https://drive.google.com/open?id=19-yLTqvSeLJUx6tuZOLAvjCjeHdk4Vfn	https://drive.google.com/open?id=1ODDjKoE02Lo3jorR3FuI832cEhj0K5Ke	https://www.lg.com/cl/refrigeradores/lg-LB44SVD2	LB44SVD2
LS63SPGK	40762	Refrigeradores	15	Side by Side			LS63SPGK	Side by Side con capacidad total de 591 L	Refrigerador Side by Side con motor Inverter Linear Compressor con capacidad total de 591 Litros				https://drive.google.com/open?id=1q_jYePcamij-hy6TFQwBCJVdTJL_CJb2	https://drive.google.com/open?id=1H0pukjK_q9RMlMlOxRLis-6jhZFtPG8a	https://www.lg.com/cl/refrigeradores/lg-LS63SPGK	LS63SPGK
GM87SXD	39883	Refrigeradores	15	Door-in-Door			GM87SXD	Door in Door con capacidad total de 691 L					https://drive.google.com/open?id=1vCTEuTkORrJ34CBgj56EzQqoL5eQCCk0	https://drive.google.com/open?id=11GaoVu0W6EL89LHaqDSROox7rAFyngHt	https://www.lg.com/cl/refrigeradores/lg-GM87SXD	GM87SXD
GM87SXD + Microondas	52896	Refrigeradores	15	Door-in-Door			GM87SXD	Instaview Door-in-Door 691 L + Microondas NeoChef					https://drive.google.com/open?id=1XjWoAhmmyxS6GZGDLUPv3kh7TDcgx-wl	https://drive.google.com/open?id=1-DOZfhAb2DSl9nS1hC7vdqVCeshkdHd_	https://www.lg.com/cl/refrigeradores/lg-GM87SXD	GM87SXD + Microondas
LS65SDP	50107	Refrigeradores	15	Door-in-Door			LS65SDP	Refrigerador Door in Door 601 L					https://drive.google.com/open?id=1vBKKaXWHb4MOYSZdtgdy-ODUizRuE7VK	https://drive.google.com/open?id=1b1Y1ea1cvhecNS9VoMQx_IyaSsm7ARXf	https://www.lg.com/cl/refrigeradores/lg-LS65SXN	LS65SDP
LS65SXN	39205	Refrigeradores	15	Door-in-Door	5	1	LS65SXN	Refrigerador Instaview Door in Door 601 L	Refrigerador InstaView Door-in-Door® con Motor Inverter Linear Compressor y Capacidad Total de 601 Lts				https://drive.google.com/open?id=1jxa2tP9HccHIDO-TAiSDjbK0kJrb7aUo	https://drive.google.com/open?id=1wakLEn4zRm3uGHl9HkqVY9nDb6skbFgS	https://www.lg.com/cl/refrigeradores/lg-LS65SXN	LS65SXN
LS65SXN + Microondas	52895	Refrigeradores	15	Door-in-Door			LS65SXN + Microondas LG	Refrigerador Instaview Door in Door 601 L + Microondas NeoChef					https://drive.google.com/open?id=1zEULL4CIRl2-2bYBEFivWQaexGjS7ADB	https://drive.google.com/open?id=17TFmu2ViPbbgD5OwP17fMroCFdkZduP9	https://www.lg.com/cl/refrigeradores/lg-LS65SXN	LS65SXN
LS65SXTAF	50059	Refrigeradores	15	Door-in-Door			LS65SXTAF	Refrigerador Instaview Door in Door 601 L					https://drive.google.com/open?id=11BtbPAsDmisGTtsTbz9pqUS3t1YsxLmH	https://drive.google.com/open?id=1mIoWTKCr_oZmY8fqaarbQPPnFzW4ZCUT	https://www.lg.com/cl/refrigeradores/lg-LS65SXTAF	LS65SXTAF
LS65SXTAF + Microondas	52892	Refrigeradores	15	Door-in-Door			LS65SXTAF + Microondas LG	Refrigerador Instaview Door in Door 601 L + Microondas NeoChef					https://drive.google.com/open?id=1FyMWFDxGhlzvV_g6P39DVYMafmQxI-nK	https://drive.google.com/open?id=1mIoWTKCr_oZmY8fqaarbQPPnFzW4ZCUT	https://www.lg.com/cl/refrigeradores/lg-LS65SXTAF	LS65SXTAF + Microondas
GS74SXS + Microondas LG	52934	Refrigeradores	15	Door-in-Door			GS74SXS + Microondas LG	Refrigerador Door in Door 691 L + Microondas NeoChef					https://drive.google.com/open?id=1HSBQ0TDc-9xsp7iLI9ybzXMdssp5YzfM	https://drive.google.com/open?id=15Uz--8piIwuEdNIW9LTg5Boqj19rz57Z	https://www.lg.com/cl/refrigeradores/lg-GS74SXS	GS74SXS + Microondas LG
LT23BPP	38774	Refrigeradores	15	Top freezer			LT23BPP	Refrigerador Top Mount 209 L					https://drive.google.com/open?id=14HLSJo6VNZ7-4zrhlIMsASwYhjtf3fYv	https://drive.google.com/open?id=1Gq2LKNM3BMHMsLo7E34yjQb_hpNaWOlt	https://www.lg.com/cl/refrigeradores/lg-LT23BPP	LT23BPP
LT29BPP	54598	Refrigeradores	15	Top freezer			LT29BPP	Top Freezer con capacidad total de 254 L					https://drive.google.com/open?id=11nOueQ2wtWFjVTUhvBxgUGJa5Q99W416	https://drive.google.com/open?id=1MHtiJz9acQnD9MAYCUb0NSyiH2bbSxmS	https://www.lg.com/cl/refrigeradores/lg-LT29BPP	LT29BPP
LT32BPP	53620	Refrigeradores	15	Top freezer			LT32BPP	Top Freezer con capacidad total de 312 L					https://drive.google.com/open?id=1Z6evUgLHLV7nz2HcCF3zqQgXTciu2xZi	https://drive.google.com/open?id=1lfObxQpVtzPliadTl-66jRi8qgXWZZcC	https://www.lg.com/cl/refrigeradores/lg-LT32BPP	LT32BPP
LT32WPP	53619	Refrigeradores	15	Top freezer			LT32WPP	Top Freezer con capacidad total de 414 L					https://drive.google.com/open?id=1l2DtU1r7YIQdJrrFtUAbiMOOPR52kwOB	https://drive.google.com/open?id=1NnIKQssCRfYbAJ6PiatOoVjSF0CBTPJR	https://www.lg.com/cl/refrigeradores/lg-LT32WPP	LT32WPP
LT39WPP	45892	Refrigeradores	15	Top freezer			LT39WPP	Top Freezer con capacidad total de 393 L							https://www.lg.com/cl/refrigeradores/lg-LT39WPP	LT39WPP
LT41MDP	37997	Refrigeradores	15	Door-in-Door			LT41MDP	Top Freezer con capacidad total de 414 L	Refrigerador Top Freezer con motor Inverter Linear Compressor y capacidad total de 414 Litros				https://drive.google.com/open?id=1p4eQW425sg1cXyW1uqtxF__i8Y6SUdY5	https://drive.google.com/open?id=1671v2sEOa4dLcQV0Q23PeFCa7jtDQm0g	https://www.lg.com/cl/refrigeradores/lg-LT41MDP	LT41MDP
LT44BGP	38346	Refrigeradores	15	Top freezer			LT44BGP	Top Freezer con capacidad total de 438 L	Refrigerador Top Freezer con motor Inverter Linear Compressor y capacidad total de 438 Litros				https://drive.google.com/open?id=13zO3uASY8DZe5I8mEY-pS93Ny4L5eEtT	https://drive.google.com/open?id=1qMXjTI4UjjYNv0OjFiQwme_KX2jnTfoE	https://www.lg.com/cl/refrigeradores/lg-LT44BGP	LT44BGP
LT44MDP	45893	Refrigeradores	15	Door-in-Door			LT44MDP	Top Freezer con capacidad total de 445 L					https://drive.google.com/open?id=1p4eQW425sg1cXyW1uqtxF__i8Y6SUdY5	https://drive.google.com/open?id=1671v2sEOa4dLcQV0Q23PeFCa7jtDQm0g	https://www.lg.com/cl/refrigeradores/lg-LT44MDP	LT44MDP
LT44SGP	37556	Refrigeradores	15	Top freezer			LT44SGP	Top Freezer con capacidad total de 438 L					https://drive.google.com/open?id=1GnrhdhKtYRos9_GaDrrzDsX4LpGcgOuG	https://drive.google.com/open?id=1IuWTupcwMH8G6onVAc0zl61Bzd24sYlS	https://www.lg.com/cl/refrigeradores/lg-LT44SGP	LT44SGP
LT44WGP	45895	Refrigeradores	15	Top freezer			LT44WGP	Top Freezer con capacidad total de 438 L					https://drive.google.com/open?id=1hIP-VUJ8kvTuuT8GnyCrMDcuASuBCamW	https://drive.google.com/open?id=1MsQlDFGIHhSh2SGuypvKbOjxFEb33qJu	https://www.lg.com/cl/refrigeradores/lg-LT44WGP	LT44WGP
LT51MDP	38773	Refrigeradores	15	Door-in-Door		2	LT51MDP	Top Freezer con capacidad total de 512 L	Refrigerador Top Freezer con motor Inverter Linear Compressor y capacidad total de 512 Litros				https://drive.google.com/open?id=1V0JZSsJ2F_a5ZndKcpbkrorAdmALbONC	https://drive.google.com/open?id=1ms1uB-nokGS1-7PLXIv-nV1P3emlRU5O	https://www.lg.com/cl/refrigeradores/lg-LT51MDP	LT51MDP
LT51SGD	45896	Refrigeradores	15	Top freezer			LT51SGD	Top Freezer con capacidad total de 509 L							https://www.lg.com/cl/refrigeradores/lg-LT51SGD	LT51SGD
LT51SGP	39529	Refrigeradores	15	Top freezer			LT51SGP	Top Freezer con capacidad total de 509 L					https://drive.google.com/open?id=1fSnccg4yGZ_6W2ww4PaAqMEA_XDrYIMB	https://drive.google.com/open?id=1S_3M-CCD72a39DOUYy1oKL77yDQ-yTUk	https://www.lg.com/cl/refrigeradores/lg-LT51SGP	LT51SGP
LB37MPGK	62567	Refrigeradores	15	Bottom freezer											https://www.lg.com/cl/refrigeradores/lg-LB37MPGK	
LB37MPP	61593	Refrigeradores	15	Bottom freezer											https://www.lg.com/cl/refrigeradores/lg-LB37MPP	
LB37SPGK	62654	Refrigeradores	15	Bottom freezer											https://www.lg.com/cl/refrigeradores/lg-LB37SPGK	
LB45SGP	61544	Refrigeradores	15	Bottom freezer											https://www.lg.com/cl/refrigeradores/lg-LB45SGP	
LB45TGT	61543	Refrigeradores	15	Bottom freezer											https://www.lg.com/cl/refrigeradores/lg-LB45TGT	
LM78SDSAF	53029	Refrigeradores	15	Door-in-Door											https://www.lg.com/cl/refrigeradores/lg-LM78SDSAF	
LS65SDP + Microondas LG	52893	Refrigeradores	15	Door-in-Door											https://www.lg.com/cl/refrigeradores/lg-LS65SDP	
LT29BPPX	38772	Refrigeradores	15	Top freezer											https://www.lg.com/cl/refrigeradores/lg-LT29BPPX	
LT44AGP	61988	Refrigeradores	15	Top freezer											https://www.lg.com/cl/refrigeradores/lg-LT44AGP	
43UK6200PSA	51189	Televisores	11	UHD 4K		1	43UK6200PSA	SMART TV LED 43" UHD		Tecnología UHD	Generación 2018		https://drive.google.com/open?id=1xVd-bsh5YvCW0Fho0TsE7XAtfOd5V7tm	https://drive.google.com/open?id=1Gk2M9tE1EWy-VGVYNyRmYyN290acV7as	https://www.lg.com/cl/televisores/lg-43UK6200PSA	43UK6200PSA
49UK6200PSA	50910	Televisores	11	UHD 4K		2	49UK6200	SMART TV LED 49" UHD		Tecnología UHD	Generación 2018		https://drive.google.com/open?id=1xVd-bsh5YvCW0Fho0TsE7XAtfOd5V7tm	https://drive.google.com/open?id=1Gk2M9tE1EWy-VGVYNyRmYyN290acV7as	https://www.lg.com/cl/televisores/lg-49UK6200PSA	49UK6200PSA
55UK6200PSA	50291	Televisores	11	UHD 4K		3	55UK6200	SMART TV LED 55" UHD		Tecnología UHD	Generación 2018		https://drive.google.com/open?id=1xVd-bsh5YvCW0Fho0TsE7XAtfOd5V7tm	https://drive.google.com/open?id=1Gk2M9tE1EWy-VGVYNyRmYyN290acV7as	https://www.lg.com/cl/televisores/lg-55UK6200PSA	55UK6200PSA
60UK6200PSA	51832	Televisores	11	UHD 4K		4	60UK6200	SMART TV LED 60" UHD		Tecnología UHD	Generación 2018		https://drive.google.com/open?id=1xVd-bsh5YvCW0Fho0TsE7XAtfOd5V7tm	https://drive.google.com/open?id=1Gk2M9tE1EWy-VGVYNyRmYyN290acV7as	https://www.lg.com/cl/televisores/lg-60UK6200PSA	60UK6200PSA
43UK6300PSB	46275	Televisores	11	UHD 4K		5	55UK6300PSB	SMART TV LED 43" 4K UHD		Tecnología UHD	Generación 2018		https://drive.google.com/open?id=1F1xF5H13sW8tLQKA61wDeq_zGR0MdrMz	https://drive.google.com/open?id=1hVhf9hQLmLgWSxBqam4OvrJ2k-evxAAI	https://www.lg.com/cl/televisores/lg-43UK6300PSB	43UK6300PSB
50UK6300PSB	46662	Televisores	11	UHD 4K		6	50UK6300	SMART TV LED 50" 4K UHD		Tecnología UHD	Generación 2018		https://drive.google.com/open?id=1F1xF5H13sW8tLQKA61wDeq_zGR0MdrMz	https://drive.google.com/open?id=1hVhf9hQLmLgWSxBqam4OvrJ2k-evxAAI	https://www.lg.com/cl/televisores/lg-50UK6300PSB	50UK6300PSB
55UK6350PSC	45885	Televisores	11	UHD 4K		7	55UK6350	SMART TV LED 55" 4K UHD		Tecnología UHD	Generación 2018		https://drive.google.com/open?id=1W-XFZnGPgM9fEgOTjaIlyrSCMZoxu6ZT	https://drive.google.com/open?id=1mXpocFwUoP9yqUhI5jZzAtEBmeXfrQx2	https://www.lg.com/cl/televisores/lg-55UK6350PSC	55UK6350PSC
65UK6350PSC	46663	Televisores	11	UHD 4K		8	65UK6350	SMART TV LED 65" 4K UHD		Tecnología UHD	Generación 2018		https://drive.google.com/open?id=1W-XFZnGPgM9fEgOTjaIlyrSCMZoxu6ZT	https://drive.google.com/open?id=1mXpocFwUoP9yqUhI5jZzAtEBmeXfrQx2	https://www.lg.com/cl/televisores/lg-65UK6350PSC	65UK6350PSC
43UK6500PSA	46953	Televisores	11	UHD 4K		9	43UK6500PSA	SMART TV LED 43" UHD		Tecnología UHD	Generación 2018	Incluye Magic Remote	https://drive.google.com/open?id=1FcQYQZ6K5tviFcNUkkSJ218jv_XGQIlS	https://drive.google.com/open?id=1QcZEF_jfY10P5wHSSErsibVxHlAua6Rz	https://www.lg.com/cl/televisores/lg-43UK6500PSA	43UK6500PSA
55UK6500PSA	46886	Televisores	11	UHD 4K		10	55UK6500	SMART TV LED 55" UHD		Tecnología UHD	Generación 2018	Incluye Magic Remote	https://drive.google.com/open?id=1FcQYQZ6K5tviFcNUkkSJ218jv_XGQIlS	https://drive.google.com/open?id=1QcZEF_jfY10P5wHSSErsibVxHlAua6Rz	https://www.lg.com/cl/televisores/lg-55UK6500PSA	55UK6500PSA
50UK6550PSB	45884	Televisores	11	UHD 4K		11	50UK6550PSB	SMART TV LED 50" UHD		Tecnología UHD	Generación 2018	Incluye Magic Remote	https://drive.google.com/open?id=1dsBOsg-M7NKc1reaPlLfzMARe1FrrM4G	https://drive.google.com/open?id=1JOrFtEii1eJKIc-X2ikPl6Mgwsz6OePL	https://www.lg.com/cl/televisores/lg-50UK6550PSB	50UK6550PSB
55UK6550PSB	45886	Televisores	11	UHD 4K	2	12	55UK6550	SMART TV LED 55" UHD		Tecnología UHD	Generación 2018	Incluye Magic Remote	https://drive.google.com/open?id=1dsBOsg-M7NKc1reaPlLfzMARe1FrrM4G	https://drive.google.com/open?id=1JOrFtEii1eJKIc-X2ikPl6Mgwsz6OePL	https://www.lg.com/cl/televisores/lg-55UK6550PSB	55UK6550PSB
65UK6550PSB	47174	Televisores	11	UHD 4K		13	65UK6550	SMART TV LED 65" UHD		Tecnología UHD	Generación 2018	Incluye Magic Remote	https://drive.google.com/open?id=1dsBOsg-M7NKc1reaPlLfzMARe1FrrM4G	https://drive.google.com/open?id=1JOrFtEii1eJKIc-X2ikPl6Mgwsz6OePL	https://www.lg.com/cl/televisores/lg-65UK6550PSB	65UK6550PSB
70UK6550PSA	45937	Televisores	11	UHD 4K		14	70UK6550	SMART TV LED 70" UHD		Tecnología UHD	Generación 2018	Incluye Magic Remote	https://drive.google.com/open?id=1d5SkUh-XEAf6MbJRxlsqwkANq40ED5J2	https://drive.google.com/open?id=1UX65fqSbKk8ZMI4T6_Dz-mROsPrM1OC-	https://www.lg.com/cl/televisores/lg-70UK6550PSA	70UK6550PSA
75UK6570PSA	48610	Televisores	11	UHD 4K		15	75UK6570PSA	SMART TV LED 75" UHD		Tecnología UHD	Generación 2018	Incluye Magic Remote	https://drive.google.com/open?id=112wr33ozmpPLXrqPvLjY7d1SRjZNg_In	https://drive.google.com/open?id=1_c5fc9shR44CAoYJ6CskStrNATjRWpaP	https://www.lg.com/cl/televisores/lg-75UK6570PSA	75UK6570PSA
86UK6570PSA	45939	Televisores	11	UHD 4K		16	86UK6570	SMART TV LED 86" 4K UHD		Tecnología UHD	Generación 2018	Incluye Magic Remote	https://drive.google.com/open?id=112wr33ozmpPLXrqPvLjY7d1SRjZNg_In	https://drive.google.com/open?id=1_c5fc9shR44CAoYJ6CskStrNATjRWpaP	https://www.lg.com/cl/televisores/lg-86UK6570PSA	86UK6570PSA
49UK7500PSA	45883	Televisores	11	UHD 4K		17	49UK7500	SMART TV LED 49" 4K UHD		Tecnología UHD	Generación 2018	Incluye Magic Remote	https://drive.google.com/open?id=1gBH_GzBQgLz9vwNnHnoFwvcVTiNETU90	https://drive.google.com/open?id=1rJDcxO8Uf4j0BTaw1oK3yjlWRj1t2AWc	https://www.lg.com/cl/televisores/lg-49UK7500PSA	49UK7500PSA
55UK7500PSA	46297	Televisores	11	UHD 4K		18	55UK7500	SMART TV LED 55" 4K UHD		Tecnología UHD	Generación 2018	Incluye Magic Remote	https://drive.google.com/open?id=1gBH_GzBQgLz9vwNnHnoFwvcVTiNETU90	https://drive.google.com/open?id=1rJDcxO8Uf4j0BTaw1oK3yjlWRj1t2AWc	https://www.lg.com/cl/televisores/lg-55UK7500PSA	55UK7500PSA
65UK7500PSA	46388	Televisores	11	UHD 4K		19	65UK7500	SMART TV LED 65" 4K UHD		Tecnología UHD	Generación 2018	Incluye Magic Remote	https://drive.google.com/open?id=1gBH_GzBQgLz9vwNnHnoFwvcVTiNETU90	https://drive.google.com/open?id=1rJDcxO8Uf4j0BTaw1oK3yjlWRj1t2AWc	https://www.lg.com/cl/televisores/lg-65UK7500PSA	65UK7500PSA
55SK8000PSA	45936	Televisores	11	NANOCELL 4K		20	55SK8000	SMART TV LED 55" Super UHD		Tecnología SUPER UHD y Nano Cell	Generación 2018	Incluye Magic Remote	https://drive.google.com/open?id=1_FaWh6AZMPnXKdfr2qLfzQibvoUALgYp	https://drive.google.com/open?id=1CsAZCZ9os9603xNAwn4yRfc1Rrzrmvcl	https://www.lg.com/cl/televisores/lg-55SK8000PSA	55SK8000PSA
65SK8000PSA	47674	Televisores	11	NANOCELL 4K		21	65SK8000	SMART TV LED 65" Super UHD		Tecnología SUPER UHD y Nano Cell	Generación 2018	Incluye Magic Remote	https://drive.google.com/open?id=1_FaWh6AZMPnXKdfr2qLfzQibvoUALgYp	https://drive.google.com/open?id=1CsAZCZ9os9603xNAwn4yRfc1Rrzrmvcl	https://www.lg.com/cl/televisores/lg-65SK8000PSA	65SK8000PSA
75SK8000PSA	45938	Televisores	11	NANOCELL 4K		22	75SK8000	SMART TV LED 75" Super UHD		Tecnología SUPER UHD y Nano Cell	Generación 2018	Incluye Magic Remote	https://drive.google.com/open?id=13QDRkfkaWTz3iNWa7uEQA2Ra7hi_F2Gy	https://drive.google.com/open?id=1AHEOyipWz2d8tE-ti3Vbds8ZNnKxVFCK	https://www.lg.com/cl/televisores/lg-75SK8000PSA	75SK8000PSA
55SK8500PSA	46723	Televisores	11	NANOCELL 4K		23	55SK8500	SMART TV LED 55" Super UHD		Tecnología SUPER UHD y Nano Cell	Generación 2018	Incluye Magic Remote	https://drive.google.com/open?id=1s0GPcYInubFfu0aW2SrNAY-7Q7itcsjM	https://drive.google.com/open?id=11GFRZ8US5xYoY0rE2JCbQ-7cMqjIHHGq	https://www.lg.com/cl/televisores/lg-55SK8500PSA	55SK8500PSA
65SK8500PSA	46891	Televisores	11	NANOCELL 4K		24	65SK8500PSA	SMART TV LED 55" Super UHD		Tecnología SUPER UHD y Nano Cell	Generación 2018	Incluye Magic Remote	https://drive.google.com/open?id=1s0GPcYInubFfu0aW2SrNAY-7Q7itcsjM	https://drive.google.com/open?id=11GFRZ8US5xYoY0rE2JCbQ-7cMqjIHHGq	https://www.lg.com/cl/televisores/lg-65SK8500PSA	65SK8500PSA
OLED55B7P + LED 55" UHD 4K 55UK6200	52923	Televisores	11	OLED 4K		25	OLED55B7P	SMART TV OLED 55"		Tecnología OLED	Generación 2018	Incluye Magic Remote	https://drive.google.com/open?id=1m_jEEpcD307ipMkRy6LP4xZK1o-W4_BO	https://drive.google.com/open?id=1wFa-kZgxzfhlWRWhAgbqR_qBHTPPAJ1p	https://www.lg.com/cl/televisores/lg-OLED55B7P	OLED55B7P
OLED55B8SSC + LED 55'' UHD 4K 55UK6200	52814	Televisores	11	OLED 4K		26	OLED55B8SSC	SMART TV OLED 55"		Tecnología OLED	Generación 2018	Incluye Magic Remote	https://drive.google.com/open?id=19B5cSFklQiYpqKmqyX9MNuupfduwqQEG	https://drive.google.com/open?id=17JLez69O8PAxK7DwOIJybGsdDWpUxdnv	https://www.lg.com/cl/televisores/lg-OLED55B8SSC	OLED55B8SSC
OLED55B8SSC + LED 55'' UHD 4K 55UK6350	52839	Televisores	11	OLED 4K		27	OLED55B8SSC	SMART TV OLED 55"		Tecnología OLED	Generación 2018	Incluye Magic Remote	https://drive.google.com/open?id=1xeKrz7lBPDuvU_lrIO7__w_Zy94XuqRF	https://drive.google.com/open?id=1cGSvdq7ALWJFNno-UEq1l77ShHYt7ZzF	https://www.lg.com/cl/televisores/lg-OLED55B8SSC	OLED55B8SSC
OLED65C8PSA + LED 55" UHD 4K 55UK6200	52924	Televisores	11	OLED 4K		28	OLED65C8PSA	SMART TV OLED 65"		Tecnología OLED	Generación 2018	Incluye Magic Remote	https://drive.google.com/open?id=1C-hUEy2ltkWL17naMSMYZl8BDzcLJ0Q2	https://drive.google.com/open?id=1_RWQ09tyvY5FQJTzSYQoCmWP0z9hd5yv	https://www.lg.com/cl/televisores/lg-OLED65C8PSA	OLED65C8PSA
OLED65C8PSA + LED 55" UHD 4K 55UK6350PSA	53139	Televisores	11	OLED 4K		29	OLED65C8PSA	SMART TV OLED 65"		Tecnología OLED	Generación 2018	Incluye Magic Remote	https://drive.google.com/open?id=1tPyxfJM-fUtrwGaq-inYEn6WWq-gNKhv	https://drive.google.com/open?id=1_RWQ09tyvY5FQJTzSYQoCmWP0z9hd5yv	https://www.lg.com/cl/televisores/lg-OLED65C8PSA	OLED65C8PSA
OLED65W8PSA + LED 60'' UHD 4K 60UK6200PSA	53140	Televisores	11	OLED 4K		30	OLED65W8	SMART TV OLED 65"		Tecnología OLED	Generación 2018	Incluye Magic Remote	https://drive.google.com/open?id=1WUe2E6RT3lvodkku5d0ewuF_w3rhSuEF	https://drive.google.com/open?id=1QOF_dDMv8294H60GOMrC-Ke9s77rQhlp	https://www.lg.com/cl/televisores/lg-OLED65W8PSA	OLED65W8PSA
OLED55B8SSC	50129	Televisores	11	OLED 4K	1	31	OLED55B8SSC	SMART TV OLED 55"		Tecnología OLED	Generación 2018	Incluye Magic Remote	https://drive.google.com/open?id=1QNen5MH8J2Pc2Sp_MemRaKo8akfL6CLR	https://drive.google.com/open?id=17JLez69O8PAxK7DwOIJybGsdDWpUxdnv	https://www.lg.com/cl/televisores/lg-OLED55B8SSC	OLED55B8SSC
OLED55C8PSA	45897	Televisores	11	OLED 4K		32	OLED55C8	SMART TV OLED 55"		Tecnología OLED	Generación 2018	Incluye Magic Remote	https://drive.google.com/open?id=1wcO6KVq01X-WTWcFjOpdgs_f03SJSB_4	https://drive.google.com/open?id=1_RWQ09tyvY5FQJTzSYQoCmWP0z9hd5yv	https://www.lg.com/cl/televisores/lg-OLED55C8PSA	OLED55C8PSA
OLED65C8PSA	48263	Televisores	11	OLED 4K		33	OLED65C8PSA	SMART TV OLED 65"		Tecnología OLED	Generación 2018	Incluye Magic Remote	https://drive.google.com/open?id=1wcO6KVq01X-WTWcFjOpdgs_f03SJSB_4	https://drive.google.com/open?id=1_RWQ09tyvY5FQJTzSYQoCmWP0z9hd5yv	https://www.lg.com/cl/televisores/lg-OLED65C8PSA	OLED65C8PSA
OLED65E8PSA	48264	Televisores	11	OLED 4K		34	OLED65E8PSA	SMART TV OLED 65"		Tecnología OLED	Generación 2018	Incluye Magic Remote			https://www.lg.com/cl/televisores/lg-OLED65E8PSA	OLED65E8PSA
OLED65W8PSA	45898	Televisores	11	OLED 4K		35	OLED65W8	SMART TV OLED 65"		Tecnología OLED	Generación 2018	Incluye Magic Remote	https://drive.google.com/open?id=1sf2jx5VEbzTQEw0qCzk1Uj1YD6jX0W8Y	https://drive.google.com/open?id=1QOF_dDMv8294H60GOMrC-Ke9s77rQhlp	https://www.lg.com/cl/televisores/lg-OLED65W8PSA	OLED65W8PSA
49LK5400PSA	50128	Televisores	11	Full HD		36	49LK5400PSA	SMART TV LED 49" FHD		Tecnología Full HD	Generación 2018		https://drive.google.com/open?id=1aguaj3cRhNjjqrv-geWL6Xn-qu49aVmF	https://drive.google.com/open?id=1MhUcS462eMt3WBsKvEWzW1o1AYbtdro2	https://www.lg.com/cl/televisores/lg-49LK5400PSA	49LK5400PSA
43LK5700PSC	45908	Televisores	11	Full HD		37	43LK5700	SMART TV LED 43" FHD		Tecnología Full HD	Generación 2018		https://drive.google.com/open?id=1K5rJicm5cjfnMV25sYbsmk9JAqFGCLjM	https://drive.google.com/open?id=1l2Ssan__4hE3SesKDG_V6JdkgJE2LRF7	https://www.lg.com/cl/televisores/lg-43LK5700PSC	43LK5700PSC
49LK5700PSC	45934	Televisores	11	Full HD		38	49LK5700	SMART TV LED 49" FHD 1080p		Tecnología Full HD	Generación 2018		https://drive.google.com/open?id=1K5rJicm5cjfnMV25sYbsmk9JAqFGCLjM	https://drive.google.com/open?id=1l2Ssan__4hE3SesKDG_V6JdkgJE2LRF7	https://www.lg.com/cl/televisores/lg-49LK5700PSC	49LK5700PSC
32LK540BPSA	48258	Televisores	11	HD		39	32LK540BPSA	SMART TV LED 32'' HD 720p		Tecnología HD	Generación 2018		https://drive.google.com/open?id=102BJa7YMlLlze3ojZ5BuiKOCw4ARk2qG	https://drive.google.com/open?id=1C6bNKFntwueuISONI9_Z2v1ywwKux2La	https://www.lg.com/cl/televisores/lg-32LK540BPSA	32LK540BPSA
32LK610BPSA	46274	Televisores	11	HD		40	32LK610B	SMART TV LED 32" HD 720p		Tecnología HD	Generación 2018		https://drive.google.com/open?id=10ZRhg6lWCakpDZwnBBuVPXQk6fHjFpyV	https://drive.google.com/open?id=1EcX2GwzGXKZup6r-b9gjXIsXd4BCrTQX	https://www.lg.com/cl/televisores/lg-32LK610BPSA	32LK610BPSA
43UJ6300	35563	Televisores	11	UHD 4K		41	43UJ6300	SMART TV LED 43" 4K UHD	43 pulgadas, Ultra HD 4K, amplio ángulo de visión, HDR activo,Ultra Surround, sistema operativo webOS 3.5	Tecnología UHD	Generación 2017		https://drive.google.com/open?id=1dj9brUyzYjGPZnJXgJ3RrWb3y0pN9j8W	https://drive.google.com/open?id=1NwsaROyNlONvGWTFcpsXlKjisoLwcCcn	https://www.lg.com/cl/televisores/lg-43UJ6300	43UJ6300
49UJ6300	35564	Televisores	11	UHD 4K		42	49UJ6300	SMART TV LED 49" 4K UHD	49 pulgadas, Ultra HD 4K, amplio ángulo de visión, HDR activo,Ultra Surround, sistema operativo webOS 3.5	Tecnología UHD	Generación 2017		https://drive.google.com/open?id=1dj9brUyzYjGPZnJXgJ3RrWb3y0pN9j8W	https://drive.google.com/open?id=1NwsaROyNlONvGWTFcpsXlKjisoLwcCcn	https://www.lg.com/cl/televisores/lg-49UJ6300	49UJ6300
55UJ6300	35656	Televisores	11	UHD 4K		43	55UJ6300	SMART TV LED 55" 4K UHD	55 pulgadas, Ultra HD 4K, amplio ángulo de visión, HDR activo,Ultra Surround, sistema operativo webOS 3.5	Tecnología UHD	Generación 2017		https://drive.google.com/open?id=1dj9brUyzYjGPZnJXgJ3RrWb3y0pN9j8W	https://drive.google.com/open?id=1NwsaROyNlONvGWTFcpsXlKjisoLwcCcn	https://www.lg.com/cl/televisores/lg-55UJ6300	55UJ6300
70UJ6580	40857	Televisores	11	UHD 4K			70UJ6580	SMART TV LED 70" 4K UHD		Tecnología UHD	Generación 2017	Incluye Magic Remote	https://drive.google.com/open?id=1GYxx-t7KSRih7YqpBhn4MWFsltDy0V8a	https://drive.google.com/open?id=1MI3DKADGivE_8zFP-8lV4lYFg5TPFESK	https://www.lg.com/cl/televisores/lg-70UJ6580	70UJ6580
75UJ6580	36537	Televisores	11	UHD 4K		44	75UJ6580	SMART TV LED 75" 4K UHD	75 pulgadas, Ultra HD 4K, amplio ángulo de visión, HDR activo,Ultra Surround, sistema operativo webOS 3.5, incluye Magic Remote. Instalación gratuita	Tecnología UHD	Generación 2017	Incluye Magic Remote	https://drive.google.com/open?id=1GYxx-t7KSRih7YqpBhn4MWFsltDy0V8a	https://drive.google.com/open?id=1MI3DKADGivE_8zFP-8lV4lYFg5TPFESK	https://www.lg.com/cl/televisores/lg-75UJ6580	75UJ6580
49UJ7500	34826	Televisores	11	UHD 4K		45	49UJ7500	SMART TV LED 49" 4K UHD		Tecnología UHD	Generación 2017		https://drive.google.com/open?id=1G0mqph3YJI4oLXjoV9uWg6jTsC3o_kAm	https://drive.google.com/open?id=1Kg3XwItmIrsE2Qqa5mlHIUESnLbMoyBT	https://www.lg.com/cl/televisores/lg-49UJ7500	49UJ7500
OLED55B7P	36711	Televisores	11	OLED 4K		46	OLED55B7	SMART TV OLED 55" 		Tecnología OLED	Generación 2017	Incluye Magic Remote	https://drive.google.com/open?id=1w_IGauP0VkYCAntJZxPHqWreF_yeusFr	https://drive.google.com/open?id=1wFa-kZgxzfhlWRWhAgbqR_qBHTPPAJ1p	https://www.lg.com/cl/televisores/lg-OLED55B7P	OLED55B7P
OLED65B7P	35170	Televisores	11	OLED 4K		47	OLED65B7P	SMART TV OLED 65"		Tecnología OLED	Generación 2017	Incluye Magic Remote	https://drive.google.com/open?id=1w_IGauP0VkYCAntJZxPHqWreF_yeusFr	https://drive.google.com/open?id=1wFa-kZgxzfhlWRWhAgbqR_qBHTPPAJ1p	https://www.lg.com/cl/televisores/lg-OLED65B7P	OLED65B7P
OLED65E7P	35171	Televisores	11	OLED 4K		48	OLED65E7P	SMART TV OLED 65"		Tecnología OLED	Generación 2017	Incluye Magic Remote	https://drive.google.com/open?id=1jhKDvJdawUfedX4w8SMISTjlez_BcMZ6	https://drive.google.com/open?id=1vh3ydaMmFt5XREohoYqXXOJQ3tjBJoX_	https://www.lg.com/cl/televisores/lg-OLED65E7P	OLED65E7P
43LJ5500	35811	Televisores	11	Full HD		49	43LJ5500	SMART TV LED 43" FHD	43 pulgadas, Full HD, aumento de resolución LG, Virtual Surround Plus que mejora la direccionalidad de sonido, puerto USB y HDMI	Tecnología Full HD	Generación 2017		https://drive.google.com/open?id=1z0XulXWLUZExgB7ub4HX6p_dwDLdTm63	https://drive.google.com/open?id=1Ouprq2Uq_L09OsXbLRZOKMyGBap7D404	https://www.lg.com/cl/televisores/lg-43LJ5500	43LJ5500
49LJ5500	35812	Televisores	11	Full HD		50	49LJ5500	SMART TV LED 49" FHD		Tecnología Full HD	Generación 2017		https://drive.google.com/open?id=1z0XulXWLUZExgB7ub4HX6p_dwDLdTm63	https://drive.google.com/open?id=1Ouprq2Uq_L09OsXbLRZOKMyGBap7D404	https://www.lg.com/cl/televisores/lg-49LJ5500	49LJ5500
32LJ550B	36391	Televisores	11	HD		51	32LJ550B	SMART TV LED 32" FHD		Tecnología HD	Generación 2017		https://drive.google.com/open?id=1BFTQn32tW_3_v7cNNy3boQ934ZySfIul	https://drive.google.com/open?id=1nVl-hRzDXGhGj8NWb5pO-AT8jsx68Ihw	https://www.lg.com/cl/televisores/lg-32LJ550B	32LJ550B
75UH6550	27761	Televisores	11	UHD 4K		52	75UH6550	SMART TV LED 75" 4K UHD		Tecnología UHD	Generación 2016				https://www.lg.com/cl/televisores/lg-75UH6550	75UH6550
86UH9550	26685	Televisores	11	UHD 4K		53	86UH9550	SMART TV LED 86" 4K UHD		Tecnología UHD	Generación 2016				https://www.lg.com/cl/televisores/lg-86UH9550	86UH9550
24MT48DF-PS	25344	Televisores	11	Monitor TV		54	24MT48DF	MONITOR TV 24"		Tecnología HD	Generación 2016		https://drive.google.com/open?id=1uN2-bIZJ2Ry3OTC4ctHIcva4HwWL1A0V	https://drive.google.com/open?id=1MXieGX1mckiSwrjreWJPuvEhgCTFBAIn	https://www.lg.com/cl/monitores/lg-24MT48DF-PS	24MT48DF-PS
24MT49S-PS	40859	Televisores	11	Monitor TV		55	24MT49S	MONITOR TV 24" IPS HD		Tecnología HD	Generación 2016		https://drive.google.com/open?id=1kbslV3GuG_JnKRzZVqQ5dkB3_mdq3pio	https://drive.google.com/open?id=1MUVX3G1Cd-sXSLksH6fVhjYogZkUU1Tz	https://www.lg.com/cl/monitores/lg-24MT49S-PS	24MT49S-PS
24MT48AF-PM	25884	Televisores	11	Monitor TV		56	24MT48AF-PM	MONITOR TV 24"		Tecnología HD	Generación 2016				https://www.lg.com/cl/monitores/lg-24MT48AF-PM	24MT48AF-PM
24MT47D	20031	Televisores	11	Monitor TV											https://www.lg.com/cl/monitores/lg-24MT47D	
24MT49DS	40698	Televisores	11	Monitor TV												
32LK610B	58397	Televisores	11	HD											https://www.lg.com/cl/televisores/lg-32LK610BPSA	
32LM630BPSB	62380	Televisores	11	HD											https://www.lg.com/cl/televisores/lg-32LM630BPSB	
50UM7300PSA	61976	Televisores	11	UHD 4K											https://www.lg.com/cl/televisores/lg-50UM7300PSA	
50UM7500PSB	61977	Televisores	11	UHD 4K											https://www.lg.com/cl/televisores/lg-50UM7500PSB	
55SM8100PSA	61978	Televisores	11	NANOCELL 4K											https://www.lg.com/cl/televisores/lg-55SM8100PSA	
55SM8600PSA	61979	Televisores	11	NANOCELL 4K											https://www.lg.com/cl/televisores/lg-55SM8600PSA	
55UM7650	61980	Televisores	11	UHD 4K											https://www.lg.com/cl/televisores/lg-55UM7650PSB	
55UM7650PSB	62531	Televisores	11	UHD 4K											https://www.lg.com/cl/televisores/lg-55UM7650PSB	
60UK6200	58399	Televisores	11	UHD 4K											https://www.lg.com/cl/televisores/lg-60UK6200PSA	
65SM8100PSA	61981	Televisores	11	NANOCELL 4K											https://www.lg.com/cl/televisores/lg-65SM8100PSA	
86UK6570	61231	Televisores	11	UHD 4K											https://www.lg.com/cl/televisores/lg-86UK6570PSA	
OLED65B9PSB	61985	Televisores	11	OLED 4K											https://www.lg.com/cl/televisores/lg-OLED65B9PSB	
OLED77C9PSB	61986	Televisores	11	OLED 4K											https://www.lg.com/cl/televisores/lg-OLED77C9PSB	